N,Permanent,barkEstimate,PreError,Error, A
13,54175576.0,[ 4819477. 42737163. 75046952. 77097014. 77010347.],,[-0.91103967 -0.21113597  0.38525434  0.42309542  0.42149568],[[1 1 1 1 1 1 1 1 0 0 0 0 1]
 [1 1 1 1 1 0 1 1 1 1 0 0 0]
 [1 1 0 0 1 1 1 0 1 1 1 1 1]
 [1 1 1 1 0 1 0 1 0 1 0 1 1]
 [1 1 1 0 1 1 1 1 1 1 1 0 1]
 [0 0 1 1 1 1 1 1 0 1 0 1 1]
 [0 1 1 0 1 1 0 1 0 1 1 0 1]
 [0 1 1 0 1 0 0 1 0 0 1 1 1]
 [1 1 1 0 1 1 1 1 1 1 1 1 1]
 [1 1 1 1 1 1 1 1 1 1 1 0 1]
 [0 1 0 0 0 1 1 0 1 1 0 1 1]
 [1 1 1 1 1 1 1 0 0 1 1 1 1]
 [0 1 1 0 1 1 0 1 0 1 0 1 0]]
11,1472362.0,[ 547547. 1322209. 1530334. 1540300. 1540530.],,[-0.62811659 -0.10198103  0.03937347  0.04614219  0.0462984 ],[[1 1 1 0 1 1 1 1 1 1 0]
 [0 1 1 1 1 1 1 1 1 1 1]
 [1 0 0 0 1 1 0 1 1 1 1]
 [1 1 0 1 1 0 1 0 1 1 1]
 [1 1 1 1 1 1 0 1 1 1 0]
 [0 1 1 1 0 1 1 0 1 1 1]
 [1 1 0 1 1 1 1 1 1 0 1]
 [1 1 1 0 0 1 1 1 1 1 1]
 [1 1 1 0 1 1 1 1 1 1 0]
 [1 1 0 1 0 1 1 0 0 0 1]
 [0 0 1 1 1 1 0 0 1 0 1]]
10,102542.0,[ 47415. 115152. 132107. 132796. 132808.],,[-0.5376041   0.122974    0.28832088  0.29504008  0.29515711],[[1 1 1 0 1 0 1 1 1 1]
 [0 1 0 0 1 1 1 1 0 1]
 [0 1 1 0 1 1 1 1 1 1]
 [1 0 1 1 1 1 1 0 1 1]
 [1 1 1 0 0 1 1 0 0 1]
 [1 0 1 0 1 1 1 1 1 1]
 [1 0 1 1 1 1 1 0 0 1]
 [0 1 1 0 0 1 1 1 1 1]
 [1 1 1 1 1 0 1 0 1 0]
 [0 1 1 0 0 1 1 1 1 1]]
12,5788248.0,[1504827. 5929847. 8158642. 8429412. 8445402.],,[-0.7400203   0.02446319  0.40951839  0.45629766  0.45906015],[[1 1 1 0 1 0 1 1 1 1 1 1]
 [0 1 1 1 1 0 1 0 0 1 1 0]
 [0 1 1 1 1 1 1 1 1 1 1 1]
 [1 1 0 0 1 1 1 0 1 1 1 1]
 [0 1 0 0 0 0 0 0 1 1 1 1]
 [1 1 1 0 1 1 0 1 1 1 1 1]
 [1 1 0 1 1 1 1 1 1 1 1 1]
 [0 0 1 0 1 1 1 0 1 1 1 1]
 [1 0 1 0 1 0 1 1 1 0 0 1]
 [1 1 1 1 1 1 0 0 1 1 1 1]
 [1 1 1 1 1 1 0 1 1 0 0 0]
 [1 1 0 0 1 1 1 0 0 1 1 0]]
10,60172.0,[17083. 58712. 75819. 77018. 77048.],,[-0.71609719 -0.02426378  0.26003789  0.2799641   0.28046267],[[1 0 1 1 1 1 1 0 1 1]
 [1 0 1 1 1 0 1 1 1 1]
 [0 0 1 1 0 1 1 0 1 1]
 [1 1 1 0 1 0 1 0 0 1]
 [0 0 1 1 1 1 1 1 1 0]
 [1 0 0 0 1 1 1 1 1 0]
 [1 1 0 1 1 0 1 1 0 0]
 [1 0 1 0 1 0 1 0 1 1]
 [1 0 1 0 1 1 0 1 1 1]
 [1 1 1 1 1 0 1 0 1 1]]
12,11231968.0,[ 2274012.  8864335. 11946268. 12050664. 12048843.],,[-0.79754109 -0.21079414  0.06359527  0.07288981  0.07272768],[[1 1 1 1 1 1 1 1 0 1 1 1]
 [1 1 1 0 1 1 1 1 1 0 0 1]
 [1 1 0 0 1 1 1 0 1 0 1 1]
 [1 1 1 1 1 1 1 1 1 1 1 1]
 [1 1 1 0 1 0 1 1 1 0 1 0]
 [1 0 1 1 1 1 1 0 0 0 1 1]
 [0 1 0 1 1 1 1 1 1 1 1 1]
 [1 0 0 0 1 1 1 1 1 1 0 1]
 [0 1 1 0 1 0 0 0 1 1 1 1]
 [1 0 1 1 1 0 1 1 1 1 1 0]
 [0 1 1 1 0 1 0 1 1 0 1 0]
 [0 1 1 1 1 1 1 1 0 1 1 0]]
11,1159418.0,[ 406333. 1137780. 1360241. 1367180. 1367193.],,[-0.6495371  -0.01866281  0.17321018  0.17919508  0.17920629],[[0 1 1 1 1 1 1 1 1 1 1]
 [0 1 1 1 1 1 0 1 1 1 1]
 [1 0 1 0 0 0 1 0 1 1 1]
 [0 1 1 1 1 1 1 1 1 1 0]
 [0 1 0 1 1 1 1 0 1 1 0]
 [1 0 1 0 1 1 0 1 1 1 1]
 [0 0 1 1 1 1 1 1 0 0 1]
 [1 0 1 1 1 0 1 0 1 0 1]
 [0 0 0 1 1 1 0 1 1 1 1]
 [1 1 1 1 1 1 1 1 1 1 1]
 [1 1 0 0 1 0 1 1 1 1 1]]
11,431489.0,[ 36180. 270677. 501747. 513585. 512797.],,[-0.91615082 -0.37269084  0.16282686  0.19026209  0.18843586],[[0 1 1 1 1 1 0 0 1 1 0]
 [1 1 1 0 1 1 1 0 1 0 1]
 [0 1 1 1 1 0 1 0 1 0 1]
 [1 0 0 1 1 1 0 1 0 0 0]
 [1 1 1 1 1 1 1 1 0 1 1]
 [1 1 1 1 1 1 1 0 1 0 1]
 [1 1 1 1 1 1 0 1 1 0 0]
 [1 0 0 1 0 1 1 1 1 1 1]
 [1 0 0 1 1 1 1 1 0 1 1]
 [0 0 1 0 1 1 1 0 1 1 0]
 [0 1 0 1 0 0 0 1 1 1 0]]
12,3740866.0,[ 487891. 3201414. 5354991. 5654550. 5662635.],,[-0.86957806 -0.14420511  0.43148431  0.51156176  0.51372303],[[1 1 1 0 1 1 1 1 1 1 1 1]
 [1 1 0 0 1 1 1 1 1 1 1 1]
 [1 1 1 1 0 0 0 0 1 1 0 1]
 [0 1 1 1 1 0 1 1 0 1 1 1]
 [0 1 1 0 0 1 0 1 0 1 1 1]
 [0 0 1 1 0 1 0 0 0 0 1 0]
 [1 1 0 1 1 1 0 0 0 0 1 1]
 [1 1 0 1 1 1 0 1 0 0 1 1]
 [1 1 0 1 0 1 1 1 1 0 0 1]
 [1 1 1 1 1 0 1 1 1 1 1 1]
 [1 1 1 1 1 1 1 0 1 1 1 0]
 [1 0 0 0 1 1 1 0 0 1 1 1]]
15,1886125415.0,[1.17328170e+07 3.26125928e+10 1.20112315e+09 2.63741655e+09
 3.03560940e+09],,[-0.99377941 16.29078699 -0.3631796   0.39832512  0.60944197],[[1 0 0 0 1 1 1 1 0 0 1 1 0 1 1]
 [1 1 0 1 1 1 1 0 1 1 0 1 1 1 1]
 [1 1 1 1 0 0 1 1 1 0 1 1 0 1 1]
 [0 0 1 1 1 0 0 0 1 1 1 1 1 1 1]
 [0 1 1 1 0 0 1 1 1 0 0 0 1 1 1]
 [1 1 1 1 1 0 0 0 0 0 0 1 0 0 1]
 [1 0 1 0 0 1 1 1 1 1 1 1 0 0 0]
 [1 0 1 0 0 1 1 0 1 0 1 1 1 0 1]
 [1 1 1 1 1 0 0 1 0 1 1 1 0 1 1]
 [1 1 1 0 0 1 0 1 0 1 0 1 1 1 1]
 [1 1 1 0 1 0 1 1 1 1 0 1 1 1 1]
 [1 1 1 1 0 0 0 0 0 0 0 0 0 1 1]
 [1 0 1 1 0 1 1 1 1 1 1 1 1 0 1]
 [1 0 1 1 1 1 0 1 1 0 0 1 0 1 1]
 [1 1 1 1 1 1 1 1 1 1 0 1 0 1 1]]
13,66851013.0,[ 7889350. 48719499. 74540084. 77920840. 78074285.],,[-0.88198608 -0.27122273  0.11501802  0.16558952  0.16788485],[[0 0 0 1 1 1 1 1 1 1 0 1 1]
 [0 1 1 1 0 0 1 1 1 1 1 1 1]
 [1 1 1 1 1 0 1 1 1 0 1 1 0]
 [0 1 1 0 0 0 0 1 0 1 1 1 0]
 [0 1 1 1 0 1 1 1 0 1 1 1 1]
 [1 0 1 0 1 1 1 1 0 0 1 1 1]
 [0 1 0 1 1 1 0 1 1 1 0 0 1]
 [1 0 0 1 1 0 0 1 0 1 1 1 1]
 [1 0 0 1 1 1 1 1 1 1 1 1 1]
 [1 1 0 0 0 1 1 1 1 1 1 0 1]
 [1 1 1 1 1 1 0 1 0 1 1 1 1]
 [1 1 1 1 1 1 1 1 1 1 0 1 1]
 [1 1 1 0 0 1 0 1 0 1 1 0 1]]
12,2860582.0,[ 177448. 2144921. 4038669. 4212282. 4205999.],,[-0.93796787 -0.25018021  0.41183472  0.47252622  0.47032981],[[1 1 1 1 1 0 1 1 0 0 0 1]
 [0 1 1 0 1 1 1 1 0 0 0 0]
 [1 1 1 0 1 1 1 1 1 0 1 1]
 [0 1 1 1 1 1 1 1 1 0 1 1]
 [1 1 1 1 0 1 1 0 1 1 1 1]
 [0 0 0 0 1 1 1 0 1 1 1 1]
 [1 1 0 0 1 1 1 0 0 1 0 0]
 [1 1 0 0 1 0 1 1 0 1 1 1]
 [0 1 1 0 0 0 1 1 1 0 0 1]
 [0 1 0 0 1 0 1 1 1 0 1 1]
 [1 0 1 1 1 1 1 0 1 1 0 1]
 [1 1 1 1 1 0 1 1 1 1 1 0]]
12,3061134.0,[ 147895. 2331519. 3722234. 3772921. 3770879.],,[-0.95168621 -0.23834795  0.21596572  0.23252396  0.23185689],[[1 1 1 1 1 0 0 0 1 1 1 0]
 [1 1 0 0 0 0 0 1 1 0 0 0]
 [0 0 1 1 1 1 1 0 0 1 1 0]
 [1 1 0 1 1 1 1 1 1 1 1 1]
 [0 1 0 0 1 0 1 1 1 1 1 0]
 [0 0 1 1 1 0 1 0 1 1 1 1]
 [1 1 1 1 0 1 1 0 1 1 1 1]
 [0 0 1 1 0 1 1 0 0 0 1 1]
 [0 1 1 1 0 1 1 1 0 1 1 1]
 [1 0 0 1 1 1 0 1 1 1 1 0]
 [0 0 1 1 1 0 0 0 1 1 1 1]
 [1 1 1 1 1 1 1 1 1 1 1 1]]
10,56628.0,[26055. 79948. 96785. 97422. 97427.],,[-0.53989193  0.41181041  0.70913682  0.72038567  0.72047397],[[1 1 1 1 0 1 1 0 1 0]
 [1 1 0 1 0 1 1 0 0 1]
 [0 1 1 0 1 1 1 1 1 1]
 [1 1 1 1 1 1 1 0 1 1]
 [0 1 1 1 1 1 1 0 1 0]
 [0 1 1 0 0 1 0 0 1 0]
 [1 1 1 1 1 1 1 0 1 1]
 [1 0 0 0 0 1 1 1 0 1]
 [0 1 1 1 1 1 1 0 0 0]
 [1 1 1 1 1 1 1 1 1 0]]
11,375908.0,[ 32070. 260093. 499958. 507186. 506541.],,[-0.91468657 -0.308094    0.33000096  0.34922907  0.34751322],[[1 1 1 0 1 1 0 0 1 0 1]
 [0 1 1 1 1 0 0 0 0 0 1]
 [1 1 1 1 1 1 0 1 1 0 0]
 [1 1 0 0 0 1 1 0 0 1 1]
 [1 1 1 0 1 1 1 1 1 0 1]
 [1 1 1 0 1 1 1 1 0 0 1]
 [0 1 1 1 0 1 1 1 1 1 0]
 [0 0 0 1 1 1 1 1 0 0 1]
 [0 1 0 1 1 1 1 1 1 1 1]
 [0 0 1 1 1 0 0 1 1 1 1]
 [0 1 1 1 1 1 1 1 0 0 1]]
13,40478819.0,[ 1476209. 25732650. 43881135. 45548808. 45527524.],,[-0.96353132 -0.36429346  0.08405176  0.12525042  0.12472461],[[1 1 1 0 1 1 1 1 1 1 1 0 1]
 [1 0 1 1 0 0 1 1 1 1 0 0 1]
 [1 1 1 0 1 0 1 1 1 0 0 1 1]
 [1 1 1 0 1 0 1 1 1 1 1 1 0]
 [1 1 1 1 1 0 0 1 1 1 0 0 1]
 [0 0 1 1 1 0 0 0 1 0 0 1 0]
 [1 1 1 0 1 1 1 0 0 1 1 1 1]
 [1 1 1 1 1 0 1 1 0 1 0 1 1]
 [1 0 1 0 0 1 1 1 1 1 0 1 0]
 [1 1 0 1 1 1 0 0 1 0 1 1 0]
 [1 1 0 1 1 1 1 1 0 1 1 0 1]
 [0 1 0 1 1 0 1 1 0 1 1 0 1]
 [1 1 1 0 0 1 1 1 1 0 1 1 1]]
14,1507589984.0,[2.78960661e+08 1.13572904e+09 1.57394830e+09 1.62763068e+09
 1.63076647e+09],,[-0.81496251 -0.2466592   0.04401615  0.07962423  0.08170423],[[1 1 0 1 1 0 1 1 1 1 1 1 1 1]
 [0 1 0 0 1 0 1 1 1 0 1 1 1 0]
 [1 1 1 1 1 0 0 1 1 1 1 0 1 0]
 [0 0 1 0 0 1 0 0 1 1 1 1 1 1]
 [0 1 1 0 1 1 1 1 1 0 1 0 1 1]
 [1 1 1 1 1 1 1 1 0 1 1 1 0 1]
 [1 1 0 1 1 1 1 1 1 0 1 1 1 1]
 [0 1 1 1 0 1 1 1 1 1 1 1 0 1]
 [1 1 1 1 1 1 1 1 1 1 1 1 1 0]
 [1 1 1 1 1 1 1 1 0 0 1 1 1 1]
 [1 1 1 0 1 1 1 0 0 0 1 1 1 1]
 [1 1 1 1 1 1 0 0 0 1 1 1 0 0]
 [0 1 0 1 1 1 1 1 0 1 1 0 1 0]
 [1 1 1 1 0 1 1 1 1 1 1 0 1 1]]
15,18852573342.0,[1.75874774e+09 1.19652552e+10 2.02748569e+10 2.09671771e+10
 2.09515322e+10],,[-0.90671047 -0.36532509  0.07544241  0.11216526  0.1113354 ],[[1 1 1 1 0 1 1 1 0 1 0 1 1 1 1]
 [1 1 0 1 1 1 1 1 1 0 1 1 1 1 1]
 [0 1 0 1 1 1 1 1 1 1 1 1 1 0 1]
 [1 1 0 0 1 1 1 1 1 0 1 0 1 1 1]
 [1 1 1 0 1 1 0 0 1 1 0 0 1 1 0]
 [1 1 1 1 1 0 1 0 1 1 1 1 0 0 1]
 [1 1 1 1 0 1 0 0 1 1 1 1 1 1 1]
 [1 1 0 1 1 1 1 1 1 1 1 1 1 1 1]
 [0 1 1 0 1 0 1 1 0 0 0 1 1 1 0]
 [0 1 1 1 1 1 1 1 1 1 1 1 1 1 1]
 [1 1 1 0 1 1 1 1 1 1 0 0 0 0 1]
 [1 1 1 0 1 0 1 0 1 1 1 1 1 1 0]
 [1 0 1 0 1 1 0 1 0 1 1 1 1 1 1]
 [1 0 0 0 1 0 1 1 1 1 1 1 0 1 1]
 [1 1 0 1 0 1 1 1 1 1 1 1 1 1 1]]
15,7235570524.0,[2.80948449e+08 5.63963325e+09 9.40368244e+09 9.78704044e+09
 9.78678100e+09],,[-0.96117121 -0.22056827  0.2996463   0.35262871  0.35259286],[[1 1 1 1 1 1 0 1 1 1 1 0 1 1 1]
 [1 0 0 1 0 1 1 0 1 0 0 0 0 1 1]
 [0 0 1 0 1 1 1 0 1 0 0 1 0 0 1]
 [1 0 1 1 0 1 1 0 1 1 1 0 0 1 1]
 [0 1 1 1 1 0 1 1 1 1 1 1 1 1 1]
 [1 1 1 1 1 1 1 1 1 0 0 1 0 1 1]
 [0 0 1 1 1 1 0 1 1 1 1 1 1 1 1]
 [1 1 0 0 1 1 0 1 1 1 1 1 1 1 0]
 [0 1 1 0 1 1 1 0 1 1 0 0 1 1 1]
 [1 0 1 1 1 1 1 1 0 0 0 0 0 1 0]
 [1 1 1 1 1 0 0 1 1 1 1 1 0 1 0]
 [1 0 1 1 1 0 0 1 1 0 1 1 1 1 1]
 [1 1 0 1 0 1 1 1 1 0 1 1 1 1 1]
 [1 1 1 1 1 1 1 1 1 0 1 1 1 1 1]
 [1 0 0 1 1 1 1 1 0 1 1 1 1 1 1]]
13,61108218.0,[ 4618112. 39100642. 68664048. 71807551. 71777104.],,[-0.92442732 -0.36014102  0.12364671  0.17508828  0.17459004],[[0 1 1 1 1 0 1 1 1 1 1 0 0]
 [1 0 0 0 1 1 1 0 1 1 1 1 0]
 [0 1 1 1 1 0 1 1 0 1 1 0 0]
 [0 1 1 1 1 1 1 1 0 0 1 1 1]
 [1 0 1 1 1 1 1 1 0 0 1 1 1]
 [1 0 1 0 1 1 1 1 1 1 1 1 1]
 [1 0 1 1 1 1 1 1 1 1 0 1 1]
 [0 0 0 0 1 1 1 0 1 1 1 0 1]
 [0 1 1 1 1 1 1 0 1 1 0 0 0]
 [1 1 1 1 0 1 1 0 0 1 1 1 1]
 [1 1 0 0 0 1 1 0 0 1 1 1 1]
 [1 0 1 1 1 0 1 0 1 1 1 0 1]
 [1 0 1 1 1 1 0 1 1 1 1 1 1]]
12,4016928.0,[ 337536. 2539790. 3877071. 4108348. 4127735.],,[-0.91597161 -0.36772827 -0.0348169   0.02275869  0.02758501],[[1 1 1 1 1 1 1 0 1 1 1 1]
 [1 0 0 0 0 1 1 1 0 1 1 1]
 [0 1 1 1 1 1 1 0 1 0 1 1]
 [1 0 0 1 0 1 1 1 1 1 1 0]
 [1 0 0 1 1 1 0 1 1 1 1 0]
 [1 1 1 0 1 1 1 1 0 0 1 1]
 [0 0 1 1 1 0 1 1 1 0 1 1]
 [0 0 1 1 1 0 1 0 0 1 0 1]
 [1 0 1 1 0 1 1 0 0 1 1 1]
 [0 1 1 1 1 1 0 1 0 1 0 0]
 [1 1 1 0 1 1 1 1 0 0 1 1]
 [1 1 1 1 1 0 1 0 1 0 0 0]]
15,2158631062.0,[1.85559540e+07 1.67239820e+10 2.51344841e+09 3.52650850e+09
 3.62849794e+09],,[-0.99140383  6.74749438  0.16437146  0.6336782   0.68092547],[[1 1 1 1 1 1 1 1 1 1 0 1 1 1 0]
 [0 0 0 0 1 1 0 1 1 1 1 1 1 0 1]
 [1 1 0 1 1 1 1 0 1 1 1 1 1 1 1]
 [0 1 0 0 1 0 1 0 0 0 1 1 0 1 0]
 [1 1 0 1 1 0 1 1 1 0 0 1 1 0 1]
 [0 1 0 1 0 1 1 0 1 0 0 0 1 1 1]
 [1 1 0 0 1 0 0 0 1 0 1 1 1 1 1]
 [1 0 0 1 1 0 0 1 0 0 0 1 1 0 0]
 [1 1 1 1 1 1 1 1 1 0 1 0 1 1 0]
 [1 1 1 1 0 1 1 1 1 1 1 1 1 1 1]
 [1 1 0 1 1 0 1 1 1 0 1 0 1 0 1]
 [0 0 1 1 1 1 1 1 1 0 1 1 1 0 0]
 [1 1 1 0 1 1 1 0 1 0 1 1 1 1 1]
 [1 0 1 0 1 1 1 1 0 1 1 0 1 0 1]
 [0 1 1 1 1 1 0 1 0 1 0 1 0 1 1]]
14,1106088396.0,[9.74176270e+07 6.64398367e+08 1.10552036e+09 1.16134846e+09
 1.16237782e+09],,[-9.11926002e-01 -3.99326157e-01 -5.13555700e-04  4.99598985e-02
  5.08905303e-02],[[1 1 1 0 1 1 1 1 0 1 1 0 0 1]
 [1 0 1 0 1 1 1 1 1 1 1 1 1 1]
 [1 1 1 0 1 1 0 1 1 1 0 1 1 1]
 [1 1 1 1 0 0 1 1 1 1 1 0 1 1]
 [0 1 1 1 1 1 1 0 1 1 1 1 0 1]
 [1 1 0 1 0 1 0 1 0 1 0 0 1 1]
 [1 1 0 1 1 1 1 1 1 1 1 1 1 1]
 [1 1 1 1 0 1 1 1 0 1 1 0 0 0]
 [0 0 1 1 1 0 1 1 1 1 0 1 1 1]
 [0 0 1 0 1 0 1 1 0 1 1 1 1 1]
 [1 0 1 1 1 1 1 1 0 0 1 0 1 1]
 [1 1 1 1 0 1 0 1 1 0 1 1 1 1]
 [1 1 0 0 1 1 1 1 0 1 0 1 1 0]
 [0 1 1 1 1 1 1 1 1 1 0 1 0 0]]
11,537964.0,[ 75460. 409429. 614323. 625903. 625725.],,[-0.85973039 -0.23892863  0.14194072  0.16346633  0.16313545],[[0 1 0 1 1 0 1 1 1 1 0]
 [1 1 1 1 1 0 1 0 1 1 1]
 [1 1 0 1 1 1 0 0 1 0 0]
 [1 0 1 1 0 0 1 1 1 1 1]
 [1 0 1 0 1 1 1 1 1 1 1]
 [1 0 1 1 0 1 0 1 0 1 0]
 [0 1 1 1 0 1 1 1 1 1 0]
 [1 1 0 1 0 0 1 1 1 0 1]
 [1 0 0 1 1 1 0 1 1 1 1]
 [1 0 0 1 0 0 0 1 1 1 1]
 [1 1 1 1 1 1 0 1 0 1 1]]
11,1853110.0,[ 787756. 1764459. 1961658. 1964336. 1964329.],,[-0.57490057 -0.04783904  0.05857612  0.06002126  0.06001748],[[1 0 1 1 1 0 1 1 1 1 0]
 [0 1 1 1 1 0 0 1 0 1 1]
 [0 1 1 1 1 0 1 1 1 0 1]
 [1 1 1 1 1 1 1 1 1 0 0]
 [1 1 1 1 1 0 1 1 1 1 1]
 [1 1 1 1 0 0 1 1 1 1 0]
 [1 1 1 1 1 1 0 0 0 1 1]
 [0 1 1 0 1 1 1 0 1 0 1]
 [1 1 1 1 1 1 1 1 0 1 0]
 [0 1 0 1 0 1 1 1 1 1 1]
 [1 1 1 1 1 1 1 1 1 0 1]]
11,689901.0,[125876. 576324. 807035. 812859. 812685.],,[-0.81754484 -0.16462797  0.16978378  0.17822557  0.17797336],[[0 1 1 0 0 0 1 1 0 0 1]
 [1 1 1 0 1 1 0 1 0 1 1]
 [1 0 1 1 1 0 1 0 0 0 1]
 [0 1 0 1 0 1 1 1 1 1 1]
 [1 1 1 0 1 1 1 1 1 1 1]
 [1 1 0 1 1 1 1 0 0 1 0]
 [1 1 1 1 1 1 0 1 1 0 1]
 [1 1 1 1 0 1 1 1 0 1 1]
 [0 1 0 1 1 1 1 1 1 1 0]
 [1 0 0 1 1 1 1 1 1 1 1]
 [0 0 1 1 0 1 1 0 0 1 1]]
10,31627.0,[ 6175. 32307. 45885. 46962. 46982.],,[-0.80475543  0.02150062  0.45081734  0.48487052  0.48550289],[[0 1 1 0 1 1 1 1 1 1]
 [1 1 1 1 1 1 1 1 0 1]
 [0 0 1 0 0 1 1 1 0 0]
 [0 1 1 1 1 1 1 0 1 1]
 [0 1 1 0 1 1 1 0 0 0]
 [0 0 1 1 0 1 1 1 0 1]
 [1 1 1 0 0 0 1 1 0 0]
 [1 0 1 1 1 1 0 1 0 1]
 [1 1 1 1 1 1 0 1 1 0]
 [0 0 0 1 1 0 0 1 1 1]]
13,40445745.0,[ 1634290. 25326796. 44992018. 47236092. 47223696.],,[-0.95959303 -0.37380815  0.11240423  0.1678878   0.16758131],[[1 1 1 1 0 0 1 0 0 1 0 1 1]
 [0 1 0 1 1 0 1 1 1 0 1 0 1]
 [1 1 1 0 1 1 1 1 1 0 1 1 1]
 [1 0 1 1 1 1 0 1 0 0 1 1 1]
 [1 1 1 1 0 1 1 1 1 1 1 1 1]
 [1 1 0 0 1 1 1 0 0 1 0 1 1]
 [0 0 1 1 1 1 1 1 0 1 0 0 1]
 [0 1 1 1 1 1 1 0 1 1 1 0 1]
 [0 0 0 0 1 1 1 1 1 1 0 0 1]
 [1 1 1 1 0 0 0 1 1 1 1 1 0]
 [0 1 1 1 0 1 1 1 1 0 1 1 1]
 [0 0 0 1 0 1 1 0 0 0 1 1 1]
 [1 1 1 1 1 1 1 0 1 1 0 0 1]]
12,4681709.0,[ 499476. 3588226. 5525129. 5691265. 5692423.],,[-0.89331332 -0.23356492  0.18015216  0.21563835  0.21588569],[[1 1 1 1 1 1 0 1 1 0 1 1]
 [1 0 1 1 1 1 0 1 1 1 1 1]
 [0 1 0 0 1 1 1 0 0 0 1 0]
 [0 0 0 1 0 1 1 1 1 1 1 0]
 [0 1 1 1 1 1 1 1 1 1 1 1]
 [1 0 1 1 1 1 1 1 1 1 1 1]
 [1 1 1 1 0 1 1 0 1 0 0 0]
 [0 1 1 1 1 0 1 0 1 1 1 1]
 [0 1 1 1 1 0 0 1 0 1 1 0]
 [1 1 1 1 0 0 1 1 1 1 1 1]
 [1 0 1 0 1 0 0 1 1 1 1 0]
 [0 0 1 1 0 1 1 0 0 1 0 1]]
15,4499225335.0,[4.73183710e+07 8.62865916e+09 5.08398769e+09 5.33284165e+09
 5.32959553e+09],,[-0.989483    0.91780996  0.12996956  0.18527997  0.18455848],[[1 1 1 1 0 1 1 0 1 1 0 1 1 0 0]
 [1 1 1 1 1 1 1 0 1 1 1 0 1 1 1]
 [1 0 0 0 1 1 1 1 1 0 1 1 0 1 1]
 [0 0 1 1 1 1 1 1 0 0 1 0 1 1 1]
 [1 0 0 1 0 1 0 1 0 1 0 1 1 0 1]
 [1 1 1 0 0 0 1 1 0 1 0 0 1 1 1]
 [0 1 0 0 1 1 0 1 0 1 0 0 1 1 1]
 [0 1 0 1 1 0 1 1 1 0 1 1 1 0 1]
 [1 0 0 1 1 1 0 1 0 1 0 0 1 0 0]
 [0 0 1 1 1 1 0 0 1 0 1 1 0 1 1]
 [1 0 0 1 1 1 1 1 0 1 1 0 1 1 1]
 [0 1 1 0 1 1 1 1 1 1 1 1 1 1 1]
 [1 1 1 1 1 1 1 1 1 1 1 1 1 0 1]
 [0 1 1 1 1 1 0 1 1 1 1 0 1 1 1]
 [1 1 1 1 0 1 1 0 1 1 1 1 1 1 1]]
13,37998493.0,[ 1707419. 26228416. 43734745. 45748172. 45770788.],,[-0.95506614 -0.30975115  0.15095999  0.20394701  0.20454219],[[1 1 1 0 0 1 1 1 1 1 0 0 1]
 [1 0 1 1 1 1 0 1 0 0 0 1 1]
 [0 0 1 1 1 1 1 0 0 0 1 1 1]
 [1 1 1 1 0 0 1 1 1 1 1 1 1]
 [1 1 0 1 1 1 1 1 1 1 1 0 1]
 [1 0 1 0 1 0 1 0 0 1 0 0 1]
 [1 0 0 1 1 1 0 0 1 1 0 1 0]
 [1 1 0 1 1 1 1 1 1 1 1 1 1]
 [1 1 1 0 1 1 1 1 1 1 1 0 0]
 [1 0 0 1 1 1 0 1 1 1 1 1 1]
 [1 1 0 1 1 0 0 0 1 1 1 0 1]
 [1 1 0 1 1 0 0 1 1 0 1 0 1]
 [1 1 0 0 1 1 1 0 1 1 0 1 0]]
15,5451273064.0,[2.06668086e+08 4.82607861e+09 6.83241040e+09 7.15683614e+09
 7.18492975e+09],,[-0.96208811 -0.11468779  0.25336051  0.31287427  0.31802786],[[0 1 0 1 1 0 1 1 1 1 1 1 1 1 1]
 [1 1 0 0 0 1 0 1 0 0 0 1 0 1 1]
 [1 1 0 1 1 1 1 0 1 0 1 1 0 1 1]
 [1 1 1 1 1 1 1 1 1 0 1 1 1 1 1]
 [1 1 0 0 0 0 1 0 1 1 1 1 1 1 1]
 [1 1 1 1 1 1 0 1 1 1 1 1 1 1 1]
 [0 1 1 1 1 1 0 1 1 1 0 1 1 1 1]
 [1 0 1 0 0 0 1 1 1 1 1 1 0 1 0]
 [1 1 1 0 1 1 0 1 1 1 0 0 1 1 1]
 [1 1 1 1 1 1 0 1 1 1 1 0 1 0 0]
 [1 1 1 1 1 0 1 1 1 0 1 1 1 0 0]
 [1 0 1 0 0 0 0 0 0 1 1 1 1 0 1]
 [1 1 1 0 1 1 0 0 0 1 1 0 0 1 1]
 [1 1 1 1 1 0 1 0 1 0 1 1 1 1 1]
 [1 1 1 1 1 1 0 1 0 1 0 1 0 0 0]]
14,763636934.0,[3.15334080e+07 3.97735583e+08 7.29154457e+08 7.74447910e+08
 7.74600587e+08],,[-0.95870628 -0.47915617 -0.04515559  0.01415722  0.01435715],[[0 0 1 1 1 1 1 1 1 1 0 0 0 1]
 [1 1 1 1 0 1 1 1 1 0 1 0 1 1]
 [1 1 1 1 0 1 1 1 1 1 1 0 1 0]
 [0 0 1 0 1 0 1 1 1 1 1 0 1 1]
 [1 1 1 1 1 1 1 0 1 1 0 1 1 1]
 [1 1 1 1 1 0 1 1 1 1 1 1 1 1]
 [1 0 1 1 0 0 1 1 0 0 0 1 1 1]
 [1 1 0 1 0 1 1 1 0 0 1 1 0 1]
 [1 1 1 0 1 0 0 1 1 1 1 1 1 1]
 [1 1 0 1 1 0 1 0 0 0 1 1 1 1]
 [0 0 1 1 1 0 1 1 0 1 1 1 1 0]
 [0 0 1 0 1 1 1 1 0 1 1 1 0 1]
 [1 1 1 0 1 1 1 0 1 0 1 1 1 0]
 [1 1 0 1 1 1 1 0 1 1 1 0 0 1]]
15,8145640065.0,[2.66928151e+08 5.00836570e+09 8.15948531e+09 8.67150480e+09
 8.69878820e+09],,[-0.96723055 -0.38514768  0.00169971  0.06455782  0.06790726],[[1 0 1 1 1 1 0 0 0 1 0 1 0 1 1]
 [0 0 0 1 0 0 1 1 1 1 1 1 0 1 1]
 [1 0 1 0 0 1 1 1 0 0 1 0 1 1 1]
 [0 1 1 1 0 1 1 1 1 0 1 0 1 1 0]
 [1 1 1 0 0 1 1 1 1 0 0 1 1 1 1]
 [1 1 1 1 1 1 0 1 1 1 1 1 1 0 1]
 [0 1 1 1 0 1 1 1 1 1 0 0 1 1 0]
 [0 1 1 1 1 1 1 0 1 1 1 1 1 1 1]
 [1 0 1 1 1 1 1 0 0 0 1 1 1 1 0]
 [1 1 1 1 1 0 1 1 1 0 0 0 1 1 0]
 [1 0 1 1 1 0 1 1 1 1 1 1 1 1 1]
 [1 0 0 1 1 1 1 1 1 1 1 0 0 1 1]
 [1 1 0 1 1 1 1 0 1 1 0 1 0 1 1]
 [1 1 1 1 1 0 1 1 1 0 0 1 0 1 1]
 [1 0 1 0 1 1 1 1 1 1 1 1 1 0 0]]
11,165626.0,[  6977. 132702. 202199. 209425. 209583.],,[-0.95787497 -0.19878521  0.22081678  0.2644452   0.26539915],[[1 1 0 1 0 0 0 1 1 1 1]
 [1 1 1 1 1 1 1 1 0 1 1]
 [0 0 1 1 0 1 1 0 0 0 1]
 [0 1 1 0 1 1 0 0 1 0 1]
 [0 1 0 1 1 0 1 1 1 0 1]
 [1 1 0 1 1 0 1 0 0 1 1]
 [1 0 1 0 0 1 1 0 1 0 1]
 [0 1 1 0 1 0 1 0 0 0 0]
 [1 0 1 1 1 1 1 1 0 1 1]
 [1 1 0 1 1 1 0 0 1 0 1]
 [1 0 1 0 0 1 1 1 1 1 0]]
12,1434242.0,[  77448. 1751222. 2383912. 2449075. 2451985.],,[-0.94600074  0.22100873  0.6621407   0.70757445  0.7096034 ],[[0 1 1 0 0 1 1 0 1 1 1 1]
 [1 1 1 1 1 0 0 0 1 1 1 1]
 [1 1 1 0 1 0 1 0 1 1 1 1]
 [0 1 1 1 0 1 1 1 1 1 1 1]
 [0 0 1 0 0 0 1 1 1 0 1 0]
 [0 0 1 1 0 1 0 1 0 1 1 1]
 [1 0 1 1 0 0 1 1 1 0 0 0]
 [1 1 1 1 1 1 1 0 0 1 1 0]
 [1 0 1 0 0 1 1 0 1 1 1 0]
 [1 0 0 1 0 0 0 1 1 1 1 0]
 [1 0 0 1 0 0 1 1 0 1 1 1]
 [1 1 1 1 1 1 1 0 1 1 1 0]]
15,6128474012.0,[1.35174834e+08 5.18929485e+09 6.76894792e+09 6.90254009e+09
 6.90708588e+09],,[-0.97794315 -0.15324845  0.10450789  0.1263065   0.12704825],[[0 0 1 1 0 1 0 0 1 0 1 1 1 1 1]
 [1 1 0 1 1 1 0 1 1 0 1 0 1 0 1]
 [1 1 0 0 1 1 1 1 1 0 1 1 1 0 0]
 [1 1 0 1 1 1 1 1 1 0 0 1 1 0 1]
 [0 0 1 0 1 0 1 1 1 1 1 1 1 1 0]
 [0 1 1 1 0 0 0 1 0 0 1 1 0 1 1]
 [0 0 1 1 1 1 1 1 0 1 1 1 1 1 0]
 [1 1 1 0 0 1 1 1 0 1 1 1 1 0 1]
 [1 1 1 1 1 1 1 1 0 0 1 1 1 1 0]
 [1 1 1 1 1 0 1 0 0 1 1 1 1 1 1]
 [1 1 1 1 1 1 1 0 1 1 1 1 1 1 1]
 [1 0 1 1 1 0 0 0 0 1 1 0 1 1 0]
 [1 1 1 0 1 1 0 0 0 1 1 0 1 1 0]
 [1 1 1 0 1 1 0 1 1 1 0 0 1 1 1]
 [1 1 1 1 1 0 1 0 1 1 1 1 1 1 1]]
14,124456106.0,[2.20701000e+05 6.09592463e+10 1.02635000e+05 1.28738244e+13
 0.00000000e+00],,[-9.98226676e-01  4.88805187e+02 -9.99175332e-01  1.03439681e+05
 -1.00000000e+00],[[1 1 1 1 1 1 0 1 0 0 0 1 0 1]
 [1 0 1 1 0 1 0 1 1 1 1 1 1 1]
 [1 1 0 1 0 1 1 1 1 0 1 1 0 1]
 [0 1 0 1 0 1 0 1 1 0 1 1 0 1]
 [1 1 0 1 0 1 1 0 0 1 0 1 1 1]
 [0 0 1 0 1 0 1 1 1 0 0 0 0 0]
 [0 1 1 0 1 1 1 0 1 1 0 1 1 1]
 [1 0 0 0 1 1 1 0 1 0 1 1 1 1]
 [0 0 1 0 1 0 1 1 1 1 1 1 0 0]
 [0 0 1 1 1 0 1 1 1 1 1 1 0 1]
 [1 1 0 1 0 1 1 1 1 0 0 1 1 1]
 [0 1 1 0 1 1 0 1 0 1 0 1 1 0]
 [1 0 1 1 0 0 0 1 1 1 1 1 1 0]
 [1 0 1 1 0 1 1 1 0 0 1 1 0 0]]
12,5573898.0,[ 959530. 4866483. 7321465. 7566539. 7571307.],,[-0.82785297 -0.12691567  0.31352691  0.35749506  0.35835048],[[1 1 1 1 1 1 1 1 1 0 1 0]
 [1 1 1 1 0 0 1 1 1 1 1 1]
 [1 1 1 0 0 1 1 1 1 1 1 1]
 [0 1 1 0 1 0 1 1 1 0 1 1]
 [1 1 0 1 0 0 1 0 1 0 0 1]
 [1 1 1 0 1 1 0 0 1 1 1 1]
 [1 0 1 1 1 1 1 1 1 1 1 0]
 [0 0 1 1 1 0 1 1 0 0 1 0]
 [1 1 1 1 0 0 0 0 0 0 0 1]
 [1 1 1 1 0 1 0 0 1 1 1 1]
 [1 1 1 0 1 1 0 1 1 0 1 0]
 [1 1 0 1 1 1 1 1 1 1 1 1]]
15,9452555776.0,[4.12335654e+08 6.12349810e+09 9.31457818e+09 9.75692586e+09
 9.78074803e+09],,[-0.9563784  -0.35218599 -0.01459686  0.03219977  0.03471995],[[1 1 0 1 0 0 0 1 1 0 0 0 1 1 1]
 [0 1 1 1 1 0 1 1 1 1 0 0 1 1 0]
 [1 1 0 1 1 1 0 1 1 1 1 1 0 1 1]
 [0 0 0 1 0 1 1 1 1 1 1 1 1 1 1]
 [0 0 1 0 1 0 1 0 1 0 1 0 1 1 1]
 [1 0 1 1 1 0 1 1 1 1 1 1 1 0 1]
 [0 0 0 1 1 1 1 1 1 0 1 1 1 1 1]
 [1 1 1 0 1 1 0 1 1 1 1 1 1 1 1]
 [1 1 0 0 1 1 1 0 1 1 0 1 1 1 0]
 [1 1 0 1 1 1 0 1 1 1 0 1 1 1 1]
 [0 1 1 1 1 1 0 1 0 1 1 1 1 1 1]
 [1 1 1 1 0 0 1 1 1 0 1 1 0 1 0]
 [1 1 1 1 1 1 1 1 1 0 0 1 1 1 1]
 [1 1 1 1 0 1 1 0 1 1 1 0 1 0 0]
 [1 0 1 1 0 1 1 0 1 1 0 1 1 1 1]]
10,96556.0,[ 45808. 118190. 136593. 136922. 136921.],,[-0.52558101  0.22405651  0.41465057  0.41805791  0.41804756],[[1 0 1 0 0 1 1 1 1 0]
 [1 1 1 1 1 1 1 1 0 1]
 [1 1 1 1 1 1 1 1 0 1]
 [0 0 1 1 1 1 1 1 1 1]
 [1 1 1 0 0 0 1 1 1 1]
 [0 1 1 0 0 0 0 0 1 1]
 [1 0 1 0 1 0 1 0 0 1]
 [1 1 1 1 1 1 1 1 1 1]
 [1 1 1 1 0 1 1 1 0 1]
 [0 0 1 1 1 0 1 1 1 0]]
10,124307.0,[ 50168. 119214. 136606. 137347. 137362.],,[-0.59641854 -0.04097114  0.09894053  0.10490157  0.10502224],[[1 1 1 1 1 0 1 1 1 1]
 [1 0 1 0 1 0 1 1 0 1]
 [1 1 0 0 1 1 1 0 0 1]
 [0 1 1 0 1 0 1 1 0 1]
 [1 1 1 0 1 1 0 1 1 1]
 [0 1 1 0 1 1 1 1 1 0]
 [1 0 1 1 1 1 0 1 1 1]
 [1 1 1 1 0 0 1 1 1 1]
 [1 1 1 1 1 0 0 0 1 1]
 [1 0 1 1 1 1 1 0 1 0]]
10,18016.0,[  964. 10949. 23751. 25375. 25295.],,[-0.94649201 -0.39226243  0.31832815  0.40847025  0.40402975],[[1 0 1 0 1 0 0 0 1 1]
 [0 1 1 1 0 1 1 0 0 1]
 [1 1 1 1 1 1 1 0 1 1]
 [0 0 0 1 1 1 0 1 1 0]
 [1 1 0 0 0 0 1 0 0 0]
 [1 1 1 1 1 1 0 0 0 0]
 [1 1 1 1 0 1 1 1 0 0]
 [1 1 1 0 1 1 1 0 1 0]
 [0 0 1 0 1 1 1 1 1 1]
 [0 0 0 0 1 1 1 1 1 0]]
13,45019990.0,[ 3844390. 37679243. 65486823. 67760231. 67704334.],,[-0.91460704 -0.16305528  0.45461656  0.50511431  0.5038727 ],[[1 1 1 1 1 1 1 1 1 0 1 0 1]
 [0 1 1 1 1 0 0 1 1 1 0 1 1]
 [1 0 1 1 1 0 0 0 1 1 1 0 0]
 [1 1 1 1 0 0 1 0 0 1 0 0 0]
 [0 0 1 0 0 0 1 0 1 0 1 0 0]
 [1 1 1 0 1 0 1 1 0 1 1 1 1]
 [1 1 1 0 1 1 1 1 1 1 1 1 1]
 [1 1 1 1 1 1 1 1 1 1 1 1 1]
 [0 1 1 1 0 1 1 1 0 1 1 1 1]
 [0 1 1 1 0 0 1 1 1 1 1 1 1]
 [1 0 1 1 0 1 1 0 1 0 1 1 1]
 [0 1 0 1 1 1 0 1 1 0 1 1 1]
 [1 1 1 1 1 1 1 1 0 1 0 1 0]]
14,571520970.0,[2.40479530e+07 3.76861002e+08 5.86892105e+08 6.15513031e+08
 6.16809517e+08],,[-0.95792289 -0.34059987  0.02689514  0.07697366  0.07924214],[[1 0 1 1 0 1 1 1 1 0 1 1 0 1]
 [1 0 0 1 0 1 1 1 0 0 0 1 1 1]
 [1 0 0 0 1 0 1 1 1 1 1 1 1 1]
 [0 1 1 1 1 0 1 1 1 1 1 1 1 1]
 [1 1 1 1 0 1 0 0 1 1 1 1 0 1]
 [0 1 1 1 0 1 1 1 1 0 1 0 0 1]
 [1 1 1 1 1 0 1 1 1 0 0 1 1 1]
 [0 1 1 0 0 1 0 1 0 1 1 1 0 1]
 [0 1 1 1 1 1 0 1 0 1 1 1 1 1]
 [1 1 0 1 0 1 1 1 1 1 0 1 1 0]
 [0 0 1 0 1 1 1 1 1 1 1 0 1 1]
 [1 1 1 1 0 1 1 1 0 1 0 1 1 1]
 [1 0 1 0 1 1 0 1 1 0 1 1 1 1]
 [1 0 1 1 1 1 1 1 0 0 0 1 0 0]]
13,73086734.0,[ 7959777. 52353123. 88088441. 91271571. 91221204.],,[-0.89109136 -0.28368501  0.20525896  0.24881173  0.24812259],[[1 0 1 1 1 1 1 1 1 1 0 1 1]
 [1 1 1 1 0 0 1 0 0 1 1 0 1]
 [1 1 1 1 0 0 1 1 1 0 1 1 0]
 [1 1 1 1 1 1 1 0 1 1 1 1 1]
 [1 0 1 1 1 1 0 0 1 0 1 1 1]
 [1 1 1 1 0 0 1 1 0 0 0 0 1]
 [1 0 1 0 1 1 1 0 1 1 1 1 1]
 [0 1 1 1 1 1 1 0 1 1 1 1 1]
 [0 0 1 0 1 1 1 1 0 0 0 0 1]
 [1 0 1 1 1 1 1 1 0 1 0 1 0]
 [1 1 1 1 1 0 1 1 1 1 0 1 1]
 [1 1 1 1 1 1 1 0 1 1 1 0 1]
 [0 0 0 1 1 0 1 1 1 1 1 1 0]]
14,618274755.0,[2.14799090e+07 3.56578323e+08 6.66752792e+08 7.02071808e+08
 7.01385532e+08],,[-0.96525831 -0.42326883  0.07840857  0.13553368  0.13442369],[[1 1 1 1 1 1 1 1 1 1 0 0 1 1]
 [1 1 1 0 1 0 1 1 0 1 1 1 0 1]
 [1 1 1 0 1 0 1 0 1 0 0 1 1 1]
 [1 0 1 1 0 1 1 1 1 1 1 1 0 0]
 [1 0 1 1 1 1 1 1 1 1 1 0 1 1]
 [1 0 0 1 0 0 1 0 1 1 0 1 1 1]
 [1 1 1 0 0 1 1 1 0 1 1 1 1 1]
 [1 0 1 1 1 1 1 0 0 0 1 1 1 1]
 [1 1 0 1 0 1 1 1 0 1 1 1 1 0]
 [1 1 1 1 1 0 1 0 0 1 0 1 1 0]
 [0 0 1 1 1 1 1 0 1 1 1 1 1 0]
 [0 0 0 1 1 1 1 1 0 1 1 0 1 0]
 [1 1 0 1 1 1 1 1 0 0 1 0 1 1]
 [1 0 0 1 1 0 1 1 1 1 0 1 1 1]]
15,3511358733.0,[1.33927540e+07 2.40894013e+10 1.86222227e+09 3.61400560e+09
 3.80706456e+09],,[-0.99618588  5.8604216  -0.46965764  0.0292328   0.08421408],[[1 0 1 1 1 0 0 0 0 0 1 1 0 1 1]
 [1 1 1 1 0 1 1 1 0 1 1 1 1 0 1]
 [0 1 0 1 1 1 0 0 1 0 0 1 1 1 1]
 [1 1 1 1 1 1 0 1 1 0 1 1 1 0 1]
 [1 1 1 0 1 0 1 1 1 1 0 0 1 1 0]
 [1 0 1 1 1 1 1 0 0 1 0 1 1 0 1]
 [1 1 1 0 1 0 0 0 1 1 1 1 0 1 1]
 [1 1 1 0 1 0 1 0 1 1 1 1 0 1 1]
 [1 1 1 1 1 1 1 0 1 0 0 0 1 1 1]
 [1 1 0 1 1 1 0 1 1 1 1 1 1 0 1]
 [1 1 1 1 1 0 1 0 0 0 1 0 0 0 0]
 [1 1 0 0 1 1 0 1 0 1 1 1 1 1 1]
 [1 0 0 1 0 0 1 1 1 0 1 0 0 1 1]
 [0 0 1 1 1 1 1 0 1 1 1 1 1 1 0]
 [0 1 0 0 1 1 0 1 1 1 1 1 1 1 1]]
11,3213263.0,[2159719. 3353261. 3473494. 3475517. 3475541.],,[-0.32787357  0.0435688   0.08098652  0.0816161   0.08162357],[[1 1 1 0 1 0 1 1 0 1 1]
 [1 1 1 0 0 1 0 1 1 1 1]
 [1 1 0 1 1 1 0 1 1 0 1]
 [0 1 1 1 1 1 1 1 1 1 1]
 [1 1 1 1 1 1 1 1 1 1 1]
 [0 1 1 1 0 1 1 1 1 1 1]
 [0 0 1 1 1 0 0 1 1 1 1]
 [1 0 1 1 1 1 1 1 1 1 0]
 [1 0 1 1 1 1 0 1 1 0 1]
 [1 1 0 1 1 1 1 1 1 1 1]
 [1 1 1 1 1 1 0 1 1 1 0]]
14,1688674961.0,[2.61848838e+08 1.23424844e+09 1.80121387e+09 1.83708574e+09
 1.83683110e+09],,[-0.84493828 -0.26910242  0.06664332  0.08788594  0.08773514],[[1 0 1 1 1 1 0 0 0 0 1 1 0 1]
 [1 1 1 0 0 1 1 0 1 0 1 1 0 1]
 [1 1 1 0 1 1 0 1 1 1 1 1 1 1]
 [1 1 1 1 1 1 1 1 1 1 1 1 1 1]
 [1 1 1 1 0 0 1 1 0 1 1 1 1 0]
 [1 1 1 1 1 0 1 1 1 1 0 1 1 1]
 [1 0 1 1 1 1 0 0 1 1 1 0 1 1]
 [1 0 1 1 1 1 1 0 1 1 1 1 1 1]
 [1 1 1 0 1 1 1 1 1 1 1 1 1 1]
 [0 1 1 0 1 0 0 1 1 1 1 1 0 0]
 [0 1 1 1 1 1 1 1 1 0 1 0 1 1]
 [1 1 0 1 0 1 1 1 1 0 1 1 0 0]
 [0 1 0 1 1 1 1 1 1 1 1 1 0 1]
 [1 0 1 1 1 1 0 1 0 1 0 1 1 1]]
10,69324.0,[18810. 57317. 71550. 73046. 73144.],,[-0.7286654  -0.1732012   0.03211009  0.05368992  0.05510357],[[1 0 0 1 1 0 1 1 1 1]
 [1 1 0 1 1 0 1 1 0 1]
 [1 0 1 1 1 1 1 0 1 1]
 [1 0 1 0 1 1 1 1 0 1]
 [0 0 1 0 1 1 1 1 1 0]
 [0 1 1 1 0 1 1 0 1 1]
 [0 0 1 0 1 1 0 1 0 1]
 [1 1 1 1 1 1 1 1 1 0]
 [1 1 1 0 1 1 1 1 0 0]
 [1 1 0 0 1 1 0 0 1 0]]
13,70231274.0,[ 6642655. 46601781. 73028465. 75949655. 76016369.],,[-0.90541742 -0.33645258  0.03982828  0.08142215  0.08237206],[[1 1 1 1 0 0 1 1 1 1 0 1 0]
 [1 1 1 0 1 1 1 1 1 0 1 1 0]
 [1 1 1 1 1 1 0 1 0 1 1 1 1]
 [1 1 1 0 1 0 1 1 0 1 1 1 1]
 [0 0 1 1 1 1 1 0 1 1 1 1 1]
 [1 1 1 0 1 1 1 0 0 1 0 1 0]
 [1 1 0 0 0 1 1 1 1 1 1 0 0]
 [1 1 1 1 1 1 0 1 1 1 1 1 1]
 [1 1 1 1 0 1 1 0 1 1 0 1 0]
 [1 1 1 0 1 1 0 1 1 0 1 0 0]
 [0 1 0 0 1 1 1 1 1 0 0 0 1]
 [1 1 1 1 0 1 0 1 1 1 0 1 1]
 [1 1 1 1 1 0 0 1 1 0 0 1 1]]
15,8671346851.0,[3.21416297e+08 5.15135006e+09 1.10754974e+10 1.18533710e+10
 1.18174439e+10],,[-0.96293352 -0.40593426  0.27725226  0.36695846  0.36281527],[[1 1 1 1 1 1 0 1 0 1 1 0 0 0 1]
 [1 1 1 1 0 1 1 0 1 1 1 1 1 1 0]
 [1 1 0 1 1 1 1 1 0 1 1 0 1 1 1]
 [1 1 1 1 1 1 1 0 1 0 1 0 1 1 1]
 [1 1 1 1 1 1 1 1 1 1 0 1 0 1 1]
 [1 0 0 1 1 0 1 1 1 0 1 1 1 1 1]
 [0 0 1 0 1 1 0 1 1 1 0 0 0 0 1]
 [0 1 1 0 1 1 1 1 1 1 0 0 0 0 0]
 [1 0 1 0 1 1 0 1 0 1 1 1 0 0 0]
 [1 1 1 0 1 1 1 1 1 1 0 0 1 1 1]
 [1 1 1 0 1 0 1 1 1 1 1 1 1 1 1]
 [1 1 1 1 1 1 0 1 1 1 1 0 0 1 0]
 [0 1 1 1 0 1 0 1 1 1 1 1 1 1 1]
 [1 1 0 1 1 1 0 1 1 1 1 1 0 1 1]
 [0 1 1 1 0 0 1 1 1 0 1 1 1 1 1]]
15,2788319144.0,[7.80709400e+06 7.88204937e+10 3.61182626e+08 1.97833505e+09
 3.01299035e+09],,[-0.99720007 27.26810333 -0.87046582 -0.29049189  0.08057586],[[1 1 1 0 0 1 1 0 1 1 0 1 1 1 0]
 [1 0 1 1 1 1 1 1 0 0 0 1 1 1 0]
 [1 1 1 1 1 1 1 1 0 1 0 1 1 1 0]
 [0 1 1 1 1 1 0 0 0 0 1 1 0 1 0]
 [1 0 1 1 1 0 0 0 1 1 0 1 0 0 1]
 [0 0 1 0 1 1 0 1 1 1 1 1 0 1 0]
 [1 1 1 0 1 0 1 1 1 1 0 1 0 1 1]
 [1 1 1 0 0 0 1 1 0 1 1 1 1 1 1]
 [1 1 1 0 0 0 1 0 1 1 1 1 1 1 1]
 [1 1 1 1 1 0 1 1 0 1 1 0 1 0 0]
 [0 0 1 0 0 1 0 1 1 1 1 0 0 1 1]
 [1 0 0 1 1 0 1 0 1 1 1 0 0 1 0]
 [1 1 1 1 1 1 0 0 1 1 1 1 1 1 1]
 [1 1 1 1 0 0 1 1 1 1 1 1 1 1 1]
 [0 1 1 1 1 1 0 1 1 0 0 1 1 0 0]]
10,109129.0,[ 50740. 129968. 145831. 145769. 145770.],,[-0.53504568  0.19095749  0.33631757  0.33574943  0.3357586 ],[[1 1 0 0 1 0 0 1 1 0]
 [1 1 0 1 0 1 0 0 1 1]
 [1 1 1 1 1 1 0 1 0 1]
 [0 1 0 1 1 1 1 1 1 1]
 [1 1 0 0 1 0 1 0 0 1]
 [0 1 1 0 1 0 1 1 1 1]
 [1 1 1 1 0 1 1 1 1 1]
 [1 1 0 1 0 1 1 1 1 0]
 [1 1 0 0 1 1 1 1 1 1]
 [1 1 1 1 1 1 1 1 1 1]]
10,273780.0,[169223. 288451. 298136. 297969. 297973.],,[-0.38190153  0.05358682  0.08896194  0.08835196  0.08836657],[[1 1 1 1 1 1 0 1 1 1]
 [0 1 1 1 1 0 0 1 1 1]
 [1 1 1 1 0 0 1 1 1 0]
 [1 0 0 1 1 1 1 1 1 1]
 [0 0 1 1 1 0 1 1 0 1]
 [1 1 0 1 1 1 1 1 1 1]
 [1 1 1 1 0 1 0 1 1 1]
 [1 1 1 1 1 1 1 1 1 1]
 [0 1 0 1 1 1 1 0 1 1]
 [1 0 0 1 1 1 0 1 1 1]]
11,1202485.0,[ 476457. 1281556. 1496005. 1499865. 1499841.],,[-0.60377302  0.06575633  0.24409452  0.24730454  0.24728458],[[1 1 1 0 1 1 1 1 1 0 1]
 [1 1 1 1 1 0 1 1 0 1 1]
 [1 1 1 1 1 0 1 1 1 1 1]
 [1 1 0 0 1 1 1 0 1 1 0]
 [1 1 0 1 1 1 1 1 1 1 1]
 [0 1 0 1 1 1 1 1 0 1 1]
 [0 1 1 1 1 1 0 1 0 0 1]
 [1 0 1 0 1 0 1 1 0 0 1]
 [1 1 1 0 1 1 1 1 0 1 0]
 [1 1 1 0 1 0 1 1 1 1 1]
 [0 0 1 1 1 1 1 1 0 0 1]]
11,821034.0,[134670. 591002. 825697. 833422. 833240.],,[-0.83597512 -0.28017354  0.00567942  0.01508829  0.01486662],[[1 0 1 1 1 0 0 0 0 1 1]
 [1 1 0 1 1 1 0 1 0 1 1]
 [1 1 0 0 1 1 1 1 1 0 1]
 [0 1 1 1 1 1 1 0 1 1 0]
 [1 1 0 1 0 1 1 1 1 1 1]
 [0 1 1 0 0 1 1 1 0 1 1]
 [0 1 1 1 1 1 0 1 1 1 0]
 [0 1 1 1 0 1 1 1 1 1 0]
 [1 1 1 1 1 1 0 1 1 0 1]
 [0 1 0 1 1 0 1 1 0 1 1]
 [0 0 1 1 1 0 1 1 1 1 0]]
15,1777264062.0,[4.97815500e+06 5.59981393e+11 7.03267900e+06 1.20968462e+11
 1.28300802e+08],,[ -0.99719898 314.08058114  -0.99604297  67.06442791  -0.92780994],[[0 0 1 1 0 1 1 0 1 1 1 0 0 1 0]
 [1 1 1 1 1 1 1 1 0 1 1 1 1 1 1]
 [1 1 0 0 0 1 0 1 0 0 1 0 1 1 1]
 [1 0 0 0 0 0 1 1 0 0 0 1 1 0 1]
 [1 1 0 1 1 0 0 0 0 1 0 1 1 0 1]
 [1 0 0 1 1 1 0 0 1 1 0 1 1 1 0]
 [0 0 1 1 0 0 1 0 1 1 0 1 1 0 1]
 [1 1 0 1 1 0 1 1 1 1 1 1 1 0 1]
 [1 1 0 1 1 0 1 0 1 1 0 1 1 1 0]
 [1 1 0 1 1 1 1 1 1 1 1 1 1 1 0]
 [0 1 0 0 1 1 1 0 1 0 1 1 1 1 1]
 [1 0 1 1 1 1 1 0 1 1 1 1 1 1 1]
 [1 1 1 0 0 0 1 1 1 0 0 1 1 0 0]
 [1 0 1 0 1 1 1 1 1 1 1 1 1 1 0]
 [1 0 0 1 1 1 0 1 1 1 1 0 1 1 0]]
14,441026263.0,[1.50311900e+07 3.63399483e+08 5.26589641e+08 5.41262239e+08
 5.41557167e+08],,[-0.9659177  -0.17601396  0.19400971  0.22727893  0.22794766],[[1 1 0 0 0 1 1 1 1 1 1 0 0 1]
 [1 0 1 1 1 1 1 0 0 1 1 1 1 1]
 [1 1 1 1 1 1 1 0 0 0 1 1 0 1]
 [1 0 0 1 1 1 1 1 1 1 0 1 1 1]
 [1 0 1 0 1 1 0 1 1 1 1 1 0 1]
 [1 1 1 1 1 1 0 1 1 1 0 0 1 0]
 [1 1 1 0 0 1 1 1 1 1 0 1 1 0]
 [1 1 1 1 1 0 1 1 0 1 0 0 1 0]
 [1 1 1 0 1 1 1 1 1 1 1 1 1 1]
 [1 0 1 1 1 1 0 0 1 0 0 1 0 0]
 [1 0 0 0 1 0 1 1 0 0 1 0 0 0]
 [1 1 0 0 0 1 1 0 1 1 1 1 1 1]
 [0 1 1 1 1 1 0 1 1 1 0 0 1 0]
 [1 1 1 1 1 1 1 0 1 1 1 1 1 1]]
14,242140588.0,[1.95187100e+06 7.73226975e+08 2.23971614e+08 2.64094671e+08
 2.65863644e+08],,[-0.9919391   2.19329767 -0.07503481  0.09066668  0.09797224],[[1 1 0 1 0 1 1 0 1 0 0 0 1 1]
 [0 1 0 1 1 0 1 0 0 1 0 1 1 1]
 [1 1 1 0 1 1 0 0 1 1 1 1 1 1]
 [1 0 1 1 0 1 1 1 1 0 1 1 1 0]
 [1 0 1 0 0 1 1 0 0 1 1 1 0 1]
 [1 1 1 1 1 0 1 0 0 1 1 1 0 1]
 [1 0 1 1 1 0 0 0 1 0 0 0 1 1]
 [0 0 1 1 1 1 1 0 1 1 0 1 1 1]
 [1 1 1 1 1 1 1 1 1 0 0 1 0 0]
 [1 0 1 1 1 0 1 1 1 0 1 1 0 1]
 [1 1 0 1 1 0 0 1 1 1 1 1 1 0]
 [1 1 0 1 1 0 0 0 1 0 1 1 1 0]
 [1 1 1 1 0 0 0 1 1 1 1 0 1 1]
 [1 1 1 0 0 0 1 1 1 1 1 0 1 1]]
11,1662266.0,[ 526205. 1460428. 1674968. 1670640. 1670811.],,[-0.68344116 -0.12142341  0.00764138  0.0050377   0.00514057],[[1 1 1 1 1 1 1 1 1 1 0]
 [1 1 1 1 1 1 0 0 1 1 1]
 [1 1 1 0 0 1 0 1 1 0 1]
 [1 1 1 1 1 1 1 1 1 0 1]
 [0 1 1 1 1 0 0 0 1 0 1]
 [1 0 0 1 1 0 1 1 1 1 1]
 [0 1 0 1 0 1 1 0 0 1 1]
 [1 0 0 1 1 1 1 0 1 1 1]
 [1 0 1 1 1 1 1 1 0 1 1]
 [1 0 1 0 1 1 1 1 1 1 1]
 [1 1 1 1 1 0 1 1 0 1 1]]
14,589868094.0,[2.70644610e+07 4.18246684e+08 7.12711638e+08 7.38240090e+08
 7.37834189e+08],,[-0.95411777 -0.29094879  0.20825596  0.25153419  0.25084607],[[1 1 1 1 1 0 0 0 1 0 1 1 1 1]
 [1 1 1 1 0 1 1 1 1 1 1 0 1 1]
 [1 1 1 1 0 1 1 1 1 0 1 1 1 1]
 [0 1 1 0 1 1 1 1 0 1 1 0 0 1]
 [1 1 1 1 1 0 0 1 0 1 1 1 0 0]
 [1 1 1 1 1 1 1 0 0 1 1 0 1 1]
 [1 1 0 0 1 1 1 1 1 0 1 1 1 1]
 [1 0 0 1 1 0 1 1 1 0 0 0 1 1]
 [1 1 1 0 1 1 1 0 1 1 1 1 1 0]
 [1 1 1 0 0 1 1 0 1 0 1 0 1 0]
 [1 0 1 1 0 1 0 1 1 1 1 0 1 1]
 [1 0 0 0 0 1 0 1 1 1 1 0 1 1]
 [1 1 1 0 0 1 1 1 1 0 1 0 1 0]
 [1 1 1 1 0 0 1 1 1 1 1 1 1 1]]
15,11352944072.0,[6.81803436e+08 7.13265777e+09 1.09383265e+10 1.15080380e+10
 1.15440099e+10],,[-0.93994479 -0.37173497 -0.03652071  0.01366112  0.01682962],[[0 0 1 0 0 1 1 1 1 1 1 1 1 0 1]
 [0 1 1 1 1 1 1 1 1 1 1 1 1 1 0]
 [0 1 1 1 1 1 0 1 0 0 1 1 0 1 0]
 [1 0 1 0 1 1 1 1 1 1 1 1 1 1 0]
 [0 1 1 1 1 1 0 1 1 1 1 1 1 1 1]
 [1 0 0 1 1 1 1 1 0 1 1 1 0 1 1]
 [1 1 1 1 0 1 1 0 0 1 1 0 1 0 1]
 [1 1 1 1 1 1 1 1 1 0 1 0 1 0 0]
 [1 1 1 1 1 0 0 1 1 1 1 1 0 1 1]
 [1 1 1 0 1 1 1 1 1 1 0 1 0 1 1]
 [1 1 1 1 1 1 0 1 0 1 0 1 1 1 1]
 [1 0 1 1 1 1 1 0 1 0 1 1 1 0 1]
 [0 1 1 1 1 0 1 1 0 1 1 0 1 0 1]
 [1 0 0 1 1 1 1 1 0 1 1 1 0 1 0]
 [1 1 1 1 1 1 0 0 0 1 0 1 0 1 0]]
11,2888956.0,[1780107. 2995267. 3130907. 3132032. 3132034.],,[-0.38382343  0.03679911  0.08375032  0.08413974  0.08414043],[[0 1 1 1 1 1 0 1 1 1 1]
 [0 1 1 1 1 1 0 1 1 1 1]
 [1 0 1 1 0 0 1 1 1 1 1]
 [1 1 1 1 0 1 1 1 1 1 0]
 [1 0 1 1 1 0 1 0 0 1 0]
 [1 0 0 1 1 1 1 1 1 1 1]
 [1 1 1 0 1 1 1 1 1 1 1]
 [1 1 1 1 1 1 1 1 1 1 1]
 [0 1 1 0 1 1 0 1 1 1 1]
 [1 1 1 0 1 0 1 1 1 1 1]
 [1 0 1 1 1 1 0 0 1 1 1]]
14,2853805819.0,[1.05492409e+09 2.70268144e+09 3.23482451e+09 3.27088038e+09
 3.27213024e+09],,[-0.63034483 -0.05295538  0.13351248  0.14614679  0.14658475],[[0 1 1 1 0 1 1 1 1 1 0 0 1 1]
 [0 1 1 1 1 1 0 1 1 1 0 1 1 1]
 [0 1 1 1 1 0 1 1 1 1 1 1 1 1]
 [1 0 1 1 0 1 0 1 1 0 1 1 1 1]
 [1 0 1 0 1 1 1 0 1 0 0 1 1 0]
 [1 0 1 1 0 0 1 1 1 1 0 1 0 1]
 [1 0 1 1 1 1 0 0 1 1 1 1 1 1]
 [1 1 1 1 1 1 0 1 1 1 1 1 1 1]
 [1 0 1 1 0 1 1 1 1 1 1 1 0 1]
 [1 1 1 1 1 1 0 0 1 1 1 1 1 0]
 [1 1 1 1 1 1 1 1 1 1 1 1 0 0]
 [1 1 1 1 1 1 1 1 1 1 1 1 1 0]
 [0 1 1 1 1 1 1 1 1 0 1 1 0 1]
 [1 1 0 1 1 1 1 1 1 1 1 1 1 1]]
10,108466.0,[ 47459. 115333. 131974. 132625. 132636.],,[-0.56245275  0.06331016  0.21673151  0.22273339  0.22283481],[[1 1 1 1 0 0 1 0 1 1]
 [0 1 0 1 1 1 0 1 1 1]
 [1 0 0 1 1 1 0 0 1 1]
 [1 1 0 1 1 0 1 0 1 1]
 [1 1 1 1 1 1 0 1 1 1]
 [1 0 0 0 1 1 1 0 0 0]
 [1 0 1 1 1 0 1 1 1 1]
 [1 1 1 1 0 1 1 0 1 1]
 [1 1 1 1 1 1 0 1 1 1]
 [1 0 1 1 0 1 1 1 1 0]]
10,224168.0,[108017. 217455. 230306. 230017. 230025.],,[-0.51814264 -0.02994629  0.02738125  0.02609204  0.02612773],[[1 1 1 1 1 1 1 1 1 1]
 [1 1 1 1 0 1 0 0 0 1]
 [1 1 1 0 0 1 1 0 1 0]
 [1 1 1 1 1 0 1 1 1 1]
 [1 0 1 0 1 1 1 1 1 1]
 [1 1 0 1 1 1 0 0 1 0]
 [0 1 1 1 1 0 1 1 1 0]
 [1 1 0 1 1 1 1 1 1 1]
 [0 1 1 0 0 1 1 1 1 1]
 [1 1 1 1 1 0 1 1 0 1]]
14,350177876.0,[1.08449810e+07 3.34427576e+08 4.91488793e+08 5.03966409e+08
 5.04043171e+08],,[-0.96903008 -0.044978    0.40354039  0.43917261  0.43939182],[[0 1 1 0 0 0 1 0 0 1 0 0 0 1]
 [1 0 1 1 1 1 1 1 1 0 1 0 1 1]
 [1 0 1 0 1 1 1 1 1 0 0 1 0 1]
 [1 0 1 0 1 1 1 0 1 1 1 1 0 1]
 [1 0 1 1 0 1 1 0 1 1 1 1 1 1]
 [1 0 0 1 0 0 1 1 0 1 1 0 0 1]
 [1 1 1 1 1 1 1 1 1 0 1 1 1 0]
 [1 1 0 1 0 0 1 1 1 1 1 1 1 0]
 [1 1 1 1 1 1 1 1 1 1 1 0 1 1]
 [1 1 1 1 1 1 1 1 1 1 0 1 1 1]
 [0 1 1 0 0 0 0 1 1 1 0 0 1 1]
 [1 0 0 0 1 1 1 1 1 1 1 1 1 1]
 [1 0 1 1 1 1 1 0 1 0 1 0 1 0]
 [0 1 1 0 1 1 1 0 0 1 1 0 1 0]]
15,10008598578.0,[4.97827953e+08 6.29519026e+09 1.16669990e+10 1.23907364e+10
 1.23898827e+10],,[-0.95025997 -0.37102181  0.16569757  0.23800913  0.23792383],[[1 1 0 0 1 1 0 1 1 0 1 1 0 1 0]
 [1 0 1 0 1 1 0 1 1 0 0 1 1 1 1]
 [1 1 1 0 0 1 1 1 0 0 1 1 1 0 0]
 [0 1 1 1 1 0 1 1 0 0 1 0 1 0 1]
 [1 1 1 1 1 1 1 1 0 1 1 1 0 1 1]
 [1 0 1 0 1 1 1 1 1 1 1 1 0 1 0]
 [1 1 1 1 1 0 0 1 0 1 1 1 1 1 1]
 [1 1 1 1 1 1 1 1 1 1 0 0 1 1 1]
 [1 0 0 1 0 0 1 1 1 1 1 1 0 1 1]
 [1 1 1 1 1 1 0 1 1 1 1 1 1 1 1]
 [1 1 0 0 1 0 1 1 1 1 1 1 0 1 0]
 [0 0 1 1 1 0 0 1 1 0 1 0 0 1 1]
 [0 1 0 1 1 1 0 1 1 1 1 1 1 1 0]
 [1 1 1 1 1 1 1 0 0 1 1 1 0 1 1]
 [1 1 1 1 1 1 1 1 1 1 1 1 1 1 0]]
14,660280374.0,[3.20552270e+07 4.11988869e+08 7.26508313e+08 7.65976556e+08
 7.66198150e+08],,[-0.9514521  -0.3760395   0.10030275  0.16007773  0.16041333],[[0 1 1 1 0 1 1 0 1 0 1 0 1 0]
 [1 1 1 1 0 1 1 0 1 1 1 1 1 0]
 [1 0 1 1 1 1 1 1 0 1 1 1 0 0]
 [0 1 0 0 1 1 1 1 0 0 1 1 1 0]
 [1 1 0 1 0 1 0 1 1 1 1 1 1 1]
 [0 1 1 1 1 0 1 1 1 1 1 1 1 0]
 [1 0 1 1 1 1 1 1 1 1 1 0 1 0]
 [1 1 0 1 1 1 1 1 1 1 1 0 1 1]
 [1 0 0 0 1 0 1 1 1 1 1 1 1 1]
 [1 0 1 1 1 0 1 1 1 1 1 0 1 1]
 [1 1 1 1 0 1 0 1 1 1 1 1 0 1]
 [1 0 1 0 0 1 1 1 0 1 0 0 0 0]
 [1 1 0 0 1 1 1 1 1 0 0 1 0 1]
 [1 1 0 1 1 1 1 1 0 0 1 1 1 1]]
10,79846.0,[28179. 80084. 95906. 96848. 96877.],,[-0.64708314  0.00298074  0.20113719  0.2129349   0.2132981 ],[[0 0 1 1 1 0 0 1 1 0]
 [1 0 1 1 0 0 1 0 1 0]
 [1 1 0 1 0 1 1 1 1 0]
 [0 1 1 1 0 1 1 1 1 0]
 [1 0 1 0 0 1 1 1 1 1]
 [0 1 1 1 1 1 1 1 0 0]
 [0 1 1 1 1 1 1 1 0 0]
 [1 1 1 1 1 1 0 1 1 1]
 [1 1 1 1 1 1 0 1 0 1]
 [1 1 1 1 0 1 1 0 1 1]]
12,9117879.0,[1083229. 6051068. 9319452. 9347533. 9345768.],,[-0.88119726 -0.33635136  0.02210744  0.02518722  0.02499364],[[0 1 1 1 1 1 1 1 1 0 0 1]
 [1 1 1 1 1 1 0 1 1 1 0 0]
 [1 0 1 1 1 1 0 0 1 1 1 0]
 [1 1 1 1 1 0 0 1 1 1 0 1]
 [1 0 1 1 0 1 1 1 1 1 0 1]
 [1 0 1 1 1 1 1 1 1 1 1 1]
 [1 1 1 0 1 1 0 1 1 0 1 1]
 [0 1 1 0 1 0 0 1 0 0 1 1]
 [1 0 0 0 1 1 1 0 0 1 1 1]
 [1 0 1 1 0 0 1 1 0 1 1 1]
 [1 1 0 1 1 1 1 1 1 1 1 1]
 [0 1 1 1 0 1 0 0 1 1 1 1]]
13,21917063.0,[  188732. 35902100. 20846883. 22029936. 22003482.],,[-0.99138881  0.63808901 -0.04882862  0.00515001  0.003943  ],[[1 1 1 1 0 1 0 1 1 1 1 1 0]
 [1 0 1 0 1 1 1 0 0 1 1 1 0]
 [1 1 1 1 1 0 1 1 1 1 1 1 0]
 [1 1 0 1 1 0 0 1 1 1 0 1 1]
 [1 1 1 1 0 0 0 0 1 1 1 0 0]
 [1 1 1 1 0 1 1 1 0 0 1 0 1]
 [1 1 0 0 1 1 1 0 1 0 1 0 0]
 [0 0 0 1 0 1 0 0 1 0 0 1 1]
 [1 0 0 0 1 0 1 1 0 1 0 0 1]
 [1 0 1 1 1 1 0 1 1 0 1 1 0]
 [0 1 1 1 1 1 1 0 1 1 0 1 1]
 [0 0 1 1 1 1 1 1 1 0 1 1 1]
 [1 1 1 1 0 1 0 1 0 1 0 1 1]]
11,683550.0,[ 312826.  929557. 1129499. 1139698. 1139892.],,[-0.54235096  0.35989613  0.65240143  0.66732207  0.66760588],[[1 0 0 1 1 1 1 1 1 1 1]
 [1 0 1 1 0 1 1 1 1 0 0]
 [1 1 1 1 1 1 0 1 1 1 1]
 [1 0 1 1 0 0 1 1 1 1 1]
 [1 1 1 1 1 1 1 0 1 0 1]
 [0 1 1 1 1 1 1 1 1 0 0]
 [1 1 1 1 0 1 0 1 1 1 0]
 [0 0 0 1 0 0 0 0 1 1 0]
 [1 0 0 1 1 1 1 1 1 1 1]
 [1 1 1 0 1 1 1 0 1 1 1]
 [1 1 1 1 0 1 1 0 1 1 0]]
14,1070740077.0,[1.22073906e+08 8.09007360e+08 1.31266576e+09 1.35100806e+09
 1.35037128e+09],,[-0.88599109 -0.24444095  0.2259425   0.26175165  0.26115694],[[0 0 1 1 1 1 1 1 1 1 1 1 1 1]
 [1 0 0 0 1 0 0 1 1 1 0 0 0 0]
 [1 1 1 1 0 0 0 1 1 1 0 0 1 1]
 [1 1 0 1 1 1 1 1 1 1 0 1 1 1]
 [1 1 1 0 0 1 1 0 1 1 0 1 1 1]
 [1 1 1 1 0 1 1 1 1 1 1 1 1 1]
 [0 1 0 0 1 1 1 1 0 1 0 1 1 1]
 [1 1 1 1 1 1 1 1 1 1 1 1 0 1]
 [1 1 1 1 0 1 0 1 0 1 1 0 1 1]
 [0 1 1 1 1 1 1 1 1 0 1 1 1 1]
 [0 0 1 1 0 1 0 1 1 1 1 1 1 1]
 [1 0 0 1 1 1 1 1 1 0 1 1 1 1]
 [0 0 1 0 1 1 0 0 1 1 1 1 1 1]
 [0 1 1 1 1 1 1 1 1 1 1 1 0 0]]
13,46239268.0,[ 1759659. 26722459. 48352687. 50388261. 50337678.],,[-0.96194449 -0.422083    0.04570615  0.08972878  0.08863484],[[1 1 0 1 1 1 0 0 1 1 1 0 0]
 [1 1 1 1 0 1 0 0 1 1 1 1 1]
 [0 1 0 1 1 1 0 0 0 1 1 1 1]
 [1 1 1 1 1 1 1 1 1 0 0 1 1]
 [0 0 1 1 1 1 1 1 1 0 1 0 1]
 [0 1 1 1 1 1 1 0 1 0 1 1 0]
 [0 1 0 1 0 0 0 0 0 1 1 1 1]
 [1 1 1 0 1 0 1 1 0 1 1 0 1]
 [1 1 1 0 1 1 0 1 1 1 1 1 1]
 [0 1 1 1 1 0 0 1 0 1 0 1 1]
 [1 1 1 0 1 0 0 1 1 1 1 1 1]
 [0 1 1 1 0 1 1 1 1 1 0 0 1]
 [1 0 0 0 1 1 1 1 1 1 0 1 1]]
15,4759651055.0,[4.95279660e+07 6.14812268e+09 5.33865294e+09 5.35325100e+09
 5.35329392e+09],,[-0.9895942   0.29171711  0.12164797  0.12471501  0.12472403],[[1 1 1 1 1 1 1 1 0 1 1 1 0 0 1]
 [0 1 0 1 0 1 1 1 1 1 1 1 1 0 1]
 [0 1 1 1 1 0 1 1 0 1 0 1 1 0 0]
 [1 1 1 1 0 1 1 1 1 1 1 1 0 0 1]
 [1 0 1 0 1 0 1 1 1 0 1 1 0 1 0]
 [1 0 0 1 0 1 1 1 0 1 1 1 1 1 1]
 [1 1 0 1 1 0 1 1 0 0 1 1 1 1 1]
 [1 1 1 1 1 0 1 1 1 1 0 0 1 0 1]
 [0 1 0 1 1 1 0 0 0 0 0 0 1 1 1]
 [1 1 1 1 1 1 1 1 1 0 1 1 1 1 0]
 [1 1 1 0 1 0 1 1 1 1 1 0 1 1 1]
 [1 0 1 0 0 0 1 1 1 1 1 1 1 1 0]
 [1 0 0 1 0 1 0 0 1 1 0 0 1 1 0]
 [1 1 1 1 1 1 1 1 1 1 1 0 1 0 0]
 [1 1 0 0 1 1 0 1 0 1 1 0 1 0 1]]
13,21635112.0,[ 2342108. 31732325. 45198210. 46520386. 46566917.],,[-0.89174505  0.46670491  1.08911375  1.15022626  1.15237698],[[1 1 1 1 1 1 0 1 0 0 1 1 1]
 [1 1 1 1 1 0 1 0 1 0 1 1 1]
 [0 0 0 1 1 0 0 1 0 0 0 1 1]
 [0 1 1 0 0 1 0 1 1 0 0 1 1]
 [0 0 0 0 1 1 0 1 1 0 1 1 1]
 [1 0 1 1 1 1 1 1 1 0 0 1 1]
 [1 1 1 0 1 1 1 1 1 0 1 1 1]
 [0 1 0 0 1 0 0 1 1 0 1 1 1]
 [1 1 1 1 0 1 0 1 0 0 1 0 1]
 [1 0 1 1 1 1 1 1 1 1 1 1 0]
 [0 1 1 1 1 1 0 1 0 1 1 1 1]
 [1 1 1 1 1 1 0 1 0 1 0 1 1]
 [1 1 1 1 1 0 1 1 1 1 1 1 0]]
14,627620342.0,[5.27296010e+07 4.82087464e+08 7.94774877e+08 8.42998560e+08
 8.45255894e+08],,[-0.91598488 -0.23188044  0.26633065  0.34316641  0.34676306],[[1 0 1 1 1 1 1 0 1 1 1 1 1 0]
 [0 0 1 0 1 0 0 1 1 0 1 1 1 0]
 [1 1 0 1 1 1 1 1 1 1 1 1 0 1]
 [1 0 1 1 0 1 1 1 0 1 1 0 1 1]
 [1 0 1 1 0 1 1 0 1 0 1 1 1 1]
 [1 1 1 1 1 1 1 1 1 1 1 1 0 0]
 [1 0 1 1 1 1 1 0 1 1 0 1 1 1]
 [1 0 0 1 1 1 1 0 1 1 1 1 1 1]
 [1 0 1 1 1 1 0 1 1 1 1 1 0 0]
 [0 0 0 0 1 1 1 0 1 0 1 1 0 1]
 [1 0 0 1 1 1 0 1 1 0 0 1 1 1]
 [1 1 1 1 0 1 0 1 0 1 1 0 1 1]
 [1 1 1 0 1 1 1 1 0 1 1 0 0 0]
 [1 1 1 1 1 1 1 0 1 1 1 1 0 1]]
10,217770.0,[111673. 217795. 230962. 230821. 230824.],,[-4.87197502e-01  1.14800018e-04  6.05776737e-02  5.99302016e-02
  5.99439776e-02],[[1 0 1 1 1 1 1 0 0 1]
 [0 1 1 1 1 1 1 0 1 1]
 [1 1 0 1 1 0 1 0 1 1]
 [1 1 0 1 1 1 0 1 1 0]
 [1 1 1 0 1 0 1 1 1 1]
 [1 1 1 1 1 0 1 1 1 1]
 [1 1 1 1 1 0 0 1 1 1]
 [1 0 1 1 1 1 1 1 1 1]
 [1 0 1 0 1 1 0 0 1 1]
 [1 0 1 0 1 1 1 1 0 1]]
15,2427199324.0,[4.40582700e+06 1.92473272e+11 5.58213550e+07 1.27472465e+09
 2.39320197e+09],,[-9.98184810e-01  7.82985027e+01 -9.77001743e-01 -4.74816660e-01
 -1.40068249e-02],[[1 0 0 0 1 1 0 1 1 1 1 1 0 0 0]
 [0 1 1 1 0 1 1 1 1 1 1 0 1 1 1]
 [0 0 1 1 1 1 1 1 1 1 1 1 1 0 0]
 [1 0 0 1 0 1 0 1 0 0 1 0 1 1 1]
 [1 1 0 0 1 1 1 1 1 0 1 0 0 1 1]
 [1 0 1 1 0 0 1 0 1 1 0 1 1 1 0]
 [1 1 1 0 1 0 1 1 0 1 1 1 1 0 0]
 [1 0 1 0 1 0 0 0 1 1 0 0 1 1 1]
 [1 1 1 1 0 0 0 1 1 1 0 1 1 0 0]
 [1 1 1 1 0 1 1 1 0 0 0 1 0 1 1]
 [1 1 1 1 0 1 0 1 1 1 0 1 1 1 1]
 [1 1 1 1 1 0 1 0 1 1 1 0 1 1 1]
 [1 1 0 1 0 1 1 0 0 1 1 1 1 1 1]
 [0 1 0 1 1 1 0 1 0 1 1 0 0 1 0]
 [1 0 1 0 1 0 1 0 1 1 1 0 1 1 1]]
13,58860252.0,[ 3745198. 32747256. 55871242. 59558872. 59709211.],,[-0.93637136 -0.44364397 -0.05078147  0.01186913  0.0144233 ],[[1 1 1 1 1 1 1 0 0 1 0 1 1]
 [1 1 0 1 0 0 0 1 1 0 1 1 1]
 [0 0 0 1 1 1 1 1 1 1 0 1 0]
 [1 1 1 0 1 0 1 0 1 1 0 1 0]
 [1 1 1 0 1 1 0 1 0 1 1 1 1]
 [1 0 0 1 1 1 1 0 0 1 1 1 0]
 [1 1 1 1 1 1 0 1 1 1 1 0 1]
 [0 0 1 1 1 0 1 1 1 1 1 1 1]
 [1 1 1 1 0 0 0 1 0 0 1 0 1]
 [1 1 1 1 0 1 1 0 1 1 0 0 1]
 [1 1 1 1 1 1 1 1 1 1 0 0 0]
 [1 0 1 1 1 1 1 0 0 1 1 1 0]
 [1 1 1 1 0 1 0 1 0 1 1 1 1]]
11,878944.0,[216360. 711405. 917407. 933977. 934541.],,[-0.75384097 -0.19061396  0.04376047  0.06261264  0.06325431],[[0 0 1 1 0 1 1 0 0 1 1]
 [0 1 1 1 1 1 0 1 1 1 0]
 [0 1 0 1 0 1 1 1 1 1 0]
 [1 0 0 0 1 0 1 1 1 1 1]
 [1 1 1 1 1 1 1 1 1 0 1]
 [1 1 1 1 1 1 1 1 1 1 1]
 [1 0 0 0 1 0 1 1 1 1 1]
 [1 1 1 0 1 0 1 1 1 1 0]
 [0 1 0 1 1 0 1 0 1 1 1]
 [1 1 1 0 1 1 0 1 0 1 0]
 [0 1 1 1 1 1 1 0 0 1 1]]
10,132389.0,[ 59231. 141266. 158380. 158499. 158498.],,[-0.55259878  0.0670524   0.19632296  0.19722182  0.19721427],[[1 1 0 1 0 0 1 1 1 1]
 [1 1 1 0 0 0 0 1 1 1]
 [1 0 1 0 1 1 0 1 0 0]
 [0 1 1 1 1 0 0 1 0 1]
 [1 1 1 1 1 1 1 1 1 1]
 [1 1 1 1 1 1 1 0 1 1]
 [1 0 1 1 1 1 0 0 1 1]
 [0 0 1 1 0 1 1 1 0 1]
 [1 1 1 0 1 1 1 1 1 1]
 [1 1 1 0 1 1 1 1 0 1]]
13,20730021.0,[  602404. 23737687. 28445534. 28752819. 28762996.],,[-0.9709405   0.14508746  0.37219031  0.3870135   0.38750443],[[1 0 0 1 1 0 1 1 1 1 1 1 1]
 [1 0 0 0 0 1 1 0 1 1 0 1 1]
 [1 1 1 1 1 0 1 1 0 1 0 1 1]
 [1 0 1 1 1 1 0 1 1 1 1 0 1]
 [1 0 1 0 1 1 1 1 0 1 1 0 0]
 [1 0 0 1 0 1 0 1 1 1 1 1 1]
 [1 1 1 0 1 0 1 0 0 1 1 1 1]
 [0 0 0 1 0 1 1 1 0 0 0 1 1]
 [0 1 0 1 1 0 1 1 1 1 1 0 1]
 [1 0 1 1 1 0 0 1 0 1 0 0 1]
 [0 0 1 1 1 1 0 0 0 1 0 0 1]
 [0 1 1 1 1 1 1 0 1 1 1 1 1]
 [1 1 1 1 0 1 1 0 1 1 0 1 1]]
12,2382326.0,[ 173415. 2190047. 3326111. 3453879. 3458085.],,[-0.9272077  -0.08071062  0.39616115  0.44979277  0.45155827],[[0 1 0 0 1 0 1 1 1 1 1 1]
 [1 1 1 1 1 1 0 1 0 0 0 1]
 [1 0 1 1 1 1 1 1 0 0 1 1]
 [1 1 1 1 1 0 1 1 1 1 0 1]
 [0 1 1 1 1 0 0 1 0 1 1 1]
 [1 0 1 1 0 0 1 0 1 1 1 0]
 [1 1 1 1 1 0 1 0 0 1 1 1]
 [0 1 1 1 1 0 1 1 0 1 1 0]
 [1 1 1 0 1 1 1 0 0 0 1 1]
 [1 0 0 0 0 0 1 0 0 1 0 0]
 [1 1 1 0 0 1 1 1 1 1 1 0]
 [0 1 1 1 1 1 1 1 1 0 0 1]]
13,43920398.0,[ 2553794. 27799348. 50322677. 53854195. 53932035.],,[-0.94185403 -0.36705155  0.14577006  0.2261773   0.2279496 ],[[1 0 0 1 1 0 0 1 1 1 1 0 1]
 [0 0 1 1 1 0 1 0 0 1 1 0 1]
 [1 1 1 0 0 1 1 1 0 1 0 1 0]
 [0 1 1 1 1 1 0 0 1 1 1 0 0]
 [0 1 1 1 1 1 1 1 0 0 0 0 1]
 [1 0 1 1 1 1 1 1 1 1 0 0 1]
 [1 1 1 1 0 1 1 0 1 1 1 1 1]
 [1 1 1 0 1 1 1 1 0 0 1 1 1]
 [0 1 1 1 1 1 0 0 1 0 1 1 1]
 [0 1 0 1 1 1 1 1 1 1 1 0 1]
 [0 1 1 0 0 1 1 0 1 1 0 1 0]
 [1 0 1 1 1 1 1 1 0 1 1 0 1]
 [1 1 1 1 1 1 1 1 1 1 0 0 1]]
10,98009.0,[ 27216. 100554. 122827. 121275. 121420.],,[-0.72231122  0.025967    0.25322164  0.23738636  0.23886582],[[1 1 1 1 1 0 1 1 1 0]
 [1 1 0 1 0 0 1 1 1 0]
 [0 1 1 1 1 1 1 1 0 0]
 [1 1 1 1 1 1 0 1 0 0]
 [1 1 1 0 1 1 1 1 1 0]
 [1 0 0 1 1 1 1 1 0 0]
 [0 1 1 1 1 1 1 1 1 1]
 [0 0 1 0 1 1 1 1 1 1]
 [1 1 1 1 1 1 1 1 0 1]
 [0 0 0 1 0 0 1 0 1 1]]
11,514971.0,[ 62284. 350006. 508687. 522684. 522979.],,[-0.87905338 -0.32033843 -0.01220263  0.01497754  0.01555039],[[0 1 1 1 1 1 1 1 1 1 0]
 [1 1 0 1 1 1 1 0 0 1 0]
 [1 1 1 0 1 0 0 0 0 1 1]
 [0 1 0 1 1 1 1 0 1 0 1]
 [1 0 0 1 1 1 1 0 1 1 1]
 [0 0 1 1 0 1 1 0 0 1 1]
 [0 1 1 1 0 0 1 0 1 1 1]
 [1 1 1 1 0 1 0 1 1 0 1]
 [0 1 1 1 1 1 1 1 1 0 1]
 [1 1 1 1 0 0 1 1 0 1 1]
 [1 1 1 1 1 0 0 1 0 1 0]]
10,114220.0,[ 52615. 127390. 142795. 143063. 143063.],,[-0.53935388  0.1153038   0.2501751   0.25252145  0.25252145],[[1 0 1 1 1 1 0 0 1 1]
 [0 0 1 1 1 1 1 1 1 1]
 [1 1 1 1 1 1 1 0 0 1]
 [1 1 1 1 1 1 1 1 1 1]
 [1 1 1 0 1 1 0 0 1 0]
 [1 1 1 1 0 1 0 0 0 1]
 [1 1 1 1 1 0 0 1 1 1]
 [1 1 1 0 1 1 1 1 1 1]
 [1 0 1 0 1 1 1 1 0 1]
 [0 1 0 0 0 1 1 0 0 1]]
12,10861582.0,[ 1932596.  8236518. 10828150. 10883657. 10882514.],,[-0.82207049 -0.24168339 -0.003078    0.00203239  0.00192716],[[1 1 1 1 1 0 1 1 1 1 1 1]
 [1 1 1 1 1 1 0 1 1 1 1 1]
 [1 1 1 1 1 1 1 1 1 1 1 0]
 [1 1 1 1 1 1 0 0 1 1 0 0]
 [1 0 1 1 0 0 1 1 1 0 1 0]
 [1 1 0 1 0 0 1 1 0 0 1 1]
 [1 1 0 1 0 1 1 1 1 0 1 1]
 [1 1 0 1 1 1 0 1 0 1 0 1]
 [1 0 1 1 1 0 1 1 1 1 1 1]
 [1 1 1 1 1 1 1 0 1 1 1 0]
 [0 1 1 0 1 1 0 1 0 0 0 1]
 [1 0 1 0 0 1 0 1 1 1 1 1]]
13,50679342.0,[ 4372877. 37455815. 58087852. 60732181. 60842703.],,[-0.9137148  -0.26092539  0.14618402  0.19836167  0.20054248],[[1 1 0 0 1 0 0 1 1 1 1 0 0]
 [1 0 1 1 0 1 1 1 1 1 1 1 1]
 [0 0 1 0 1 1 1 1 1 1 0 1 0]
 [1 0 1 1 1 0 0 1 1 1 0 1 1]
 [0 1 1 1 1 1 1 1 0 1 0 0 1]
 [0 1 1 0 0 1 1 0 1 0 1 1 0]
 [1 1 1 0 0 1 0 1 1 0 1 1 1]
 [1 1 1 1 1 1 1 1 0 1 0 1 1]
 [1 0 1 0 1 1 1 1 1 0 1 1 1]
 [1 1 1 1 1 1 1 1 0 1 1 1 0]
 [1 1 1 1 1 1 1 1 1 1 1 0 1]
 [1 0 1 1 1 1 1 1 1 1 0 0 1]
 [0 1 0 0 0 1 1 0 1 0 1 0 0]]
10,97520.0,[ 34349.  97432. 115588. 116036. 116035.],,[-0.64777482 -0.00090238  0.18527482  0.18986874  0.18985849],[[0 1 1 1 0 1 1 1 1 1]
 [1 1 1 1 1 1 1 0 1 1]
 [0 1 1 1 1 1 1 1 1 1]
 [1 1 0 0 0 0 1 0 1 1]
 [0 0 1 1 1 0 0 0 1 0]
 [1 1 1 0 1 1 1 1 0 1]
 [1 1 1 1 0 1 1 0 1 1]
 [1 0 0 1 0 1 1 1 1 0]
 [0 0 1 0 1 1 1 1 1 0]
 [0 1 1 1 1 1 0 1 1 1]]
15,7605161694.0,[1.96814140e+08 5.10358436e+09 8.24938789e+09 8.57270545e+09
 8.57434410e+09],,[-0.97412098 -0.32893151  0.08470907  0.12722198  0.12743745],[[1 1 0 1 1 1 0 0 1 1 1 1 1 1 1]
 [1 1 1 0 1 1 1 0 1 0 1 1 1 1 1]
 [1 0 0 1 0 1 1 0 1 0 1 1 1 0 1]
 [1 1 0 1 1 1 1 0 1 1 1 1 1 1 1]
 [1 1 1 1 1 1 0 0 1 0 1 1 0 1 1]
 [1 1 1 1 1 0 1 1 1 0 1 1 1 0 1]
 [0 1 0 1 1 1 1 1 0 1 0 1 1 1 0]
 [0 1 1 0 1 1 1 1 0 1 0 1 1 0 0]
 [0 0 1 0 0 1 1 1 1 1 1 0 0 1 1]
 [0 1 1 1 0 0 1 1 1 1 1 1 1 1 1]
 [1 1 1 0 0 1 1 0 1 1 1 1 1 1 0]
 [1 1 0 1 1 1 1 1 1 1 1 1 1 1 0]
 [0 0 0 1 1 0 0 1 1 1 0 0 0 0 1]
 [1 1 0 0 1 0 0 1 1 1 1 1 1 1 1]
 [1 1 1 1 1 0 0 1 1 0 1 1 1 1 0]]
13,30920772.0,[  981266. 23478355. 38840892. 39946702. 39920844.],,[-0.96826515 -0.24069312  0.25614238  0.29190507  0.2910688 ],[[1 1 1 1 0 0 1 1 1 0 1 1 0]
 [0 1 0 0 0 1 1 1 1 1 1 1 0]
 [1 0 1 1 0 1 1 1 1 0 0 1 0]
 [1 1 0 0 0 1 1 1 0 0 0 0 1]
 [1 1 1 1 0 1 1 1 1 0 1 1 0]
 [0 1 1 1 1 0 1 0 1 1 1 1 1]
 [1 0 1 1 1 1 1 0 0 1 1 1 1]
 [1 1 1 1 0 1 1 1 0 1 1 0 0]
 [1 1 0 0 1 0 1 0 0 1 1 0 1]
 [1 1 0 1 0 1 1 1 1 0 1 1 0]
 [1 0 0 0 1 1 1 0 1 1 1 1 1]
 [0 1 1 1 0 1 1 1 0 1 0 1 1]
 [1 1 1 1 0 0 1 1 1 1 1 1 1]]
14,325872444.0,[3.59494700e+06 3.69740030e+08 3.76007549e+08 3.75821649e+08
 3.75827614e+08],,[-0.98896824  0.13461582  0.15384886  0.15327839  0.1532967 ],[[1 1 1 1 0 1 1 0 0 1 0 1 1 0]
 [1 0 0 1 1 0 1 1 1 1 1 0 1 0]
 [1 1 1 1 1 0 1 1 1 1 1 1 1 1]
 [1 0 1 1 1 0 1 1 1 1 1 0 1 1]
 [1 1 1 1 0 1 1 1 1 1 1 1 0 1]
 [1 1 0 1 1 1 0 0 0 0 1 1 1 1]
 [0 0 1 1 1 0 1 1 1 0 0 0 1 0]
 [1 1 1 0 1 0 1 1 1 0 1 0 1 1]
 [0 0 1 0 1 1 0 0 1 0 1 1 1 1]
 [1 1 1 1 0 1 1 0 1 0 1 0 1 1]
 [0 1 1 0 0 1 1 1 1 0 0 1 1 1]
 [1 1 1 1 0 1 0 1 0 1 1 1 1 0]
 [0 1 0 1 0 1 1 0 0 0 0 0 1 1]
 [1 0 0 0 1 1 1 1 1 1 1 1 0 1]]
15,2670034034.0,[8.11572400e+06 1.00667710e+11 2.45581702e+08 1.56706759e+09
 2.46790220e+09],,[-0.99696044 36.70278173 -0.90802301 -0.41309078 -0.07570384],[[1 1 1 0 0 1 1 1 1 1 1 1 1 1 1]
 [1 1 1 0 0 1 0 0 1 0 1 0 1 1 1]
 [1 1 0 0 1 1 0 1 0 0 1 0 1 1 1]
 [1 1 1 1 1 1 1 1 0 1 1 1 0 1 0]
 [0 0 0 1 1 0 1 0 1 1 0 1 0 1 1]
 [0 0 1 0 1 1 1 1 0 0 1 1 0 1 1]
 [1 0 1 1 1 0 1 1 1 1 1 1 1 0 1]
 [1 1 1 1 1 0 1 1 1 0 0 0 1 0 1]
 [0 1 1 1 1 1 1 1 0 1 0 1 1 1 0]
 [1 1 0 0 1 1 0 1 1 1 1 1 0 1 0]
 [1 0 1 1 1 1 1 1 1 1 0 0 1 0 0]
 [1 0 1 1 0 1 1 0 1 1 0 1 0 0 0]
 [1 0 1 1 0 0 1 1 1 0 1 0 0 1 0]
 [0 1 1 0 1 1 1 1 1 0 0 0 1 0 1]
 [1 1 1 0 0 0 1 0 1 1 1 1 1 1 1]]
15,2339406439.0,[1.50419940e+07 3.16417105e+10 1.35818927e+09 2.76792139e+09
 3.10289052e+09],,[-0.99357017 12.52552938 -0.41942997  0.18317251  0.32635803],[[1 1 0 1 1 0 0 0 0 1 1 0 1 1 1]
 [1 1 0 1 0 0 0 1 0 0 1 1 0 1 1]
 [1 0 1 1 0 1 0 1 1 1 1 1 0 1 1]
 [0 0 1 0 1 1 1 1 0 1 0 1 1 1 1]
 [1 0 1 1 0 0 0 1 1 1 1 0 1 1 1]
 [1 1 0 1 0 0 1 0 1 1 1 0 1 1 0]
 [1 1 0 1 1 1 1 1 1 0 1 0 0 0 1]
 [1 1 1 1 1 0 1 1 1 0 1 1 0 1 0]
 [1 0 1 1 0 1 0 1 0 1 1 1 1 0 1]
 [1 1 1 1 0 1 1 1 1 1 1 1 0 0 1]
 [1 1 1 1 1 1 1 0 1 1 1 1 1 0 1]
 [1 1 1 0 0 0 1 0 0 0 1 1 1 1 0]
 [1 1 0 0 0 0 1 1 0 1 0 1 0 1 1]
 [1 1 0 0 0 1 1 0 1 1 0 1 0 0 1]
 [1 1 1 1 1 1 1 1 1 1 1 1 0 1 1]]
11,749334.0,[121782. 566453. 807223. 812962. 812761.],,[-0.83747968 -0.24405806  0.07725393  0.08491274  0.0846445 ],[[0 1 1 1 1 1 1 1 0 0 1]
 [1 0 1 1 0 1 1 1 1 1 1]
 [1 1 1 1 1 1 1 1 1 0 1]
 [0 1 0 1 1 1 1 0 1 1 1]
 [1 1 1 1 1 1 1 1 0 1 0]
 [1 1 1 1 1 1 0 1 1 0 0]
 [1 0 1 1 0 1 0 0 0 1 1]
 [0 0 1 1 1 0 1 1 0 1 1]
 [0 1 0 1 1 1 1 1 0 1 0]
 [0 0 0 0 1 0 1 1 1 1 1]
 [1 0 0 1 1 1 1 0 1 1 0]]
15,3852547418.0,[3.25432090e+07 1.27831609e+10 3.42363535e+09 4.00107570e+09
 4.04026273e+09],,[-0.99155281  2.31810605 -0.11133207  0.03855327  0.04872499],[[1 0 0 1 1 0 1 1 0 0 1 1 0 1 0]
 [0 1 1 0 1 1 1 0 0 1 1 1 1 0 1]
 [1 0 1 1 1 1 1 0 1 1 0 1 1 0 1]
 [1 0 0 1 1 0 1 1 0 1 1 1 1 0 1]
 [1 1 1 1 1 0 1 1 1 0 1 1 1 1 1]
 [1 0 1 1 1 1 1 1 1 1 1 0 1 1 1]
 [1 1 0 1 1 1 0 1 1 1 1 1 0 1 0]
 [1 0 1 1 1 1 1 1 0 0 1 0 0 0 0]
 [1 1 0 1 1 1 1 0 1 0 1 1 0 1 1]
 [1 0 1 1 0 1 0 1 1 1 1 0 1 0 1]
 [0 1 1 1 0 1 1 1 1 1 0 1 1 1 1]
 [1 1 0 1 0 1 1 0 1 1 0 1 0 1 0]
 [1 0 1 1 0 1 1 1 1 0 0 0 0 1 1]
 [1 1 0 1 1 0 0 1 1 0 0 1 1 1 0]
 [1 1 1 1 1 1 1 0 0 0 0 0 1 1 1]]
10,106379.0,[ 42653. 103644. 121782. 122982. 123027.],,[-0.5990468  -0.02570996  0.14479362  0.15607404  0.15649705],[[1 1 1 1 1 0 0 1 1 1]
 [1 0 1 0 0 1 1 0 1 1]
 [1 0 1 1 0 0 1 0 1 1]
 [1 1 1 1 1 1 1 0 1 0]
 [1 1 1 1 1 1 1 1 1 0]
 [1 0 0 0 1 1 1 0 1 1]
 [1 0 1 1 1 0 0 1 1 1]
 [0 1 1 1 1 1 0 1 0 1]
 [1 1 0 1 1 1 1 0 0 1]
 [1 1 1 1 1 1 1 0 0 0]]
15,5853702642.0,[1.46757194e+08 4.82622709e+09 7.52718481e+09 7.78303784e+09
 7.78421960e+09],,[-0.97492917 -0.17552575  0.28588438  0.32959228  0.32979416],[[1 1 1 1 0 1 0 0 1 1 0 1 0 0 0]
 [1 1 1 1 1 0 0 1 1 1 1 1 1 0 1]
 [1 1 0 0 1 1 1 1 0 1 1 1 1 1 1]
 [1 1 1 1 1 1 0 1 1 1 0 1 1 1 1]
 [1 1 1 0 1 0 0 1 0 1 0 1 0 1 0]
 [0 1 1 1 1 1 0 1 0 1 1 1 1 0 1]
 [1 1 0 0 1 1 1 1 1 1 0 0 1 1 0]
 [1 0 1 0 1 1 0 1 0 1 1 1 1 1 1]
 [1 1 1 1 0 1 1 1 0 1 1 1 0 1 0]
 [1 1 1 1 1 0 1 0 1 0 1 0 1 1 1]
 [1 0 0 1 1 0 1 1 0 1 0 1 1 1 1]
 [1 1 1 1 1 1 0 1 1 0 1 1 1 0 0]
 [1 0 1 0 1 1 1 1 1 0 1 1 0 0 1]
 [1 0 1 1 1 1 0 1 0 1 0 1 0 1 0]
 [1 1 1 1 1 1 0 1 1 0 1 1 1 1 1]]
13,103385307.0,[1.88422130e+07 8.23190310e+07 1.15209449e+08 1.18172068e+08
 1.18253043e+08],,[-0.81774767 -0.2037647   0.11436966  0.14302575  0.14380898],[[0 1 0 1 1 1 0 1 0 1 0 1 1]
 [0 1 1 1 1 1 1 1 0 1 1 1 0]
 [1 1 1 1 1 1 1 0 1 1 1 1 1]
 [1 1 1 1 1 1 1 1 0 1 0 1 0]
 [0 0 1 1 1 0 1 1 0 1 0 1 0]
 [1 1 1 1 0 1 0 1 1 1 1 1 1]
 [1 0 1 1 1 1 1 1 1 1 1 1 1]
 [0 1 1 1 0 0 0 1 1 1 1 1 0]
 [1 0 1 1 1 1 1 0 1 0 1 1 1]
 [1 1 0 1 1 1 0 1 1 1 1 0 1]
 [1 1 1 1 1 1 0 1 0 0 1 1 1]
 [1 1 1 0 1 1 1 1 1 1 0 0 0]
 [1 1 0 1 1 0 0 0 1 1 1 1 0]]
13,76003405.0,[1.25361920e+07 6.88201310e+07 1.03639701e+08 1.06072330e+08
 1.06058959e+08],,[-0.8350575  -0.09451253  0.36361918  0.39562602  0.3954501 ],[[1 1 1 1 0 0 1 1 1 1 1 1 0]
 [1 0 1 1 1 1 0 1 1 1 1 1 0]
 [1 1 1 0 1 1 1 1 1 1 0 1 1]
 [0 1 1 1 1 1 0 0 1 1 1 0 1]
 [1 1 0 0 1 0 1 1 1 1 1 1 0]
 [1 1 1 1 0 1 1 1 1 1 1 1 0]
 [1 1 1 1 0 1 1 0 1 0 0 1 0]
 [1 0 1 0 1 0 1 0 1 1 0 1 1]
 [1 1 1 1 1 0 1 1 1 1 0 1 0]
 [0 1 1 1 1 0 0 1 0 1 1 1 0]
 [1 0 1 0 1 0 1 0 1 0 1 0 0]
 [1 1 1 0 1 1 1 1 1 1 1 1 1]
 [0 1 1 1 1 1 1 1 1 1 1 1 1]]
14,160374152.0,[6.90203000e+05 1.80783069e+09 8.93416080e+07 2.04063716e+08
 2.24150355e+08],,[-0.9956963  10.27258145 -0.44291766  0.27242273  0.39767133],[[1 1 0 1 0 1 0 1 1 1 0 1 0 0]
 [1 0 1 1 1 0 0 1 1 1 0 0 1 0]
 [1 1 1 0 1 0 1 1 1 1 1 1 1 0]
 [1 0 1 1 1 1 0 1 1 0 1 0 1 0]
 [1 1 1 0 1 1 0 1 1 1 0 0 0 1]
 [1 0 0 1 1 1 0 0 1 1 1 1 0 0]
 [1 1 1 1 1 1 0 0 1 1 1 1 0 1]
 [1 1 0 1 1 1 0 1 0 1 1 1 1 1]
 [1 1 1 0 0 1 0 1 0 1 0 1 1 1]
 [1 1 0 1 1 1 0 0 0 1 1 0 1 0]
 [1 0 0 0 1 1 1 1 0 0 1 1 1 1]
 [1 0 0 0 1 0 1 1 1 1 1 0 0 0]
 [1 1 0 1 1 1 1 0 1 1 1 0 0 1]
 [1 1 1 0 1 0 1 0 1 1 1 0 1 1]]
13,29399484.0,[  741714. 20796609. 32457977. 33687020. 33704314.],,[-0.97477119 -0.29261993  0.1040322   0.14583712  0.14642536],[[0 0 1 0 1 1 0 1 0 1 0 1 0]
 [1 1 1 1 1 1 0 0 1 1 1 1 1]
 [1 1 1 0 1 1 1 1 0 1 1 0 1]
 [0 1 1 0 1 0 1 1 1 1 1 1 1]
 [0 1 1 0 0 0 1 1 1 1 1 1 1]
 [1 0 1 1 0 0 1 1 0 0 1 1 0]
 [1 1 0 1 1 0 1 1 0 0 1 0 1]
 [1 1 1 1 0 0 1 1 1 1 1 0 0]
 [1 1 1 1 1 1 1 0 0 1 0 1 0]
 [1 0 1 1 1 1 1 0 1 1 1 1 1]
 [1 0 1 1 0 1 0 1 1 0 1 0 1]
 [0 1 0 1 1 0 1 0 1 1 1 1 1]
 [1 0 0 1 0 0 1 0 1 1 1 0 0]]
12,3161598.0,[ 134842. 2015046. 3429241. 3550938. 3549022.],,[-0.95735005 -0.36264952  0.08465434  0.12314659  0.12254056],[[0 1 0 1 1 1 0 1 1 0 1 0]
 [1 0 1 1 1 1 0 1 1 1 1 0]
 [1 1 1 1 0 0 1 1 0 1 1 0]
 [1 1 0 1 1 0 1 1 0 1 1 1]
 [1 1 1 0 1 0 1 0 1 0 1 1]
 [0 1 1 0 1 0 1 1 1 1 1 0]
 [1 1 1 1 1 1 1 1 0 0 0 1]
 [1 1 0 1 1 1 0 0 0 1 1 0]
 [0 1 1 1 0 0 0 1 1 1 1 0]
 [1 0 1 1 0 1 0 1 1 0 1 0]
 [0 1 1 0 1 0 0 0 1 1 1 1]
 [0 1 1 1 1 1 1 1 0 1 1 1]]
13,109030726.0,[1.34640230e+07 7.05171250e+07 1.07397866e+08 1.10246508e+08
 1.10236953e+08],,[-0.87651166 -0.35323622 -0.01497615  0.01115082  0.01106318],[[0 1 0 0 1 1 0 1 1 1 1 0 0]
 [1 1 1 0 1 1 1 1 1 0 1 1 0]
 [1 1 1 1 1 1 0 1 1 1 0 0 1]
 [0 1 1 0 1 1 1 1 0 1 0 1 1]
 [1 0 1 1 1 0 1 1 1 0 0 1 1]
 [0 1 1 1 1 1 0 0 1 1 1 1 0]
 [1 1 1 1 1 0 1 0 1 1 1 0 1]
 [0 1 1 1 1 0 1 1 1 1 1 1 1]
 [1 1 1 0 0 1 1 1 0 1 1 1 0]
 [1 1 1 1 1 1 1 1 1 1 1 1 1]
 [1 0 0 1 1 1 1 0 1 0 1 1 1]
 [1 1 1 0 1 1 1 1 0 1 1 0 1]
 [1 1 0 1 1 1 0 0 1 0 0 1 1]]
12,10762769.0,[ 2603258.  8815029. 11229983. 11407240. 11412807.],,[-0.75812377 -0.18097016  0.0434102   0.05987966  0.06039691],[[1 1 0 0 0 1 1 1 0 1 0 1]
 [0 1 1 0 0 1 0 1 1 1 0 1]
 [0 1 1 0 1 0 0 1 1 1 1 1]
 [1 0 1 1 1 1 0 1 0 1 1 1]
 [1 0 1 1 1 1 0 1 1 1 1 1]
 [1 1 1 1 1 0 1 1 1 1 1 1]
 [0 1 1 1 0 1 1 1 1 0 1 1]
 [0 1 1 0 1 1 1 1 1 1 1 0]
 [1 1 1 0 1 1 1 1 1 0 0 1]
 [1 1 1 1 0 1 1 0 0 0 1 1]
 [0 1 0 1 1 1 0 1 1 1 1 1]
 [1 1 1 1 0 1 1 1 1 0 1 1]]
14,119093210.0,[2.60894000e+05 5.08245325e+10 1.85226000e+05 3.87598013e+11
 1.05200000e+03],,[-9.97809329e-01  4.25762638e+02 -9.98444697e-01  3.25357692e+03
 -9.99991167e-01],[[1 1 1 0 0 1 1 1 1 1 1 1 1 0]
 [1 0 0 0 1 1 0 1 0 0 0 0 0 0]
 [0 1 1 1 1 1 0 1 1 1 0 0 1 1]
 [0 0 1 1 0 1 1 1 1 0 1 1 1 1]
 [1 0 0 0 1 0 1 1 0 1 1 1 1 0]
 [0 1 1 1 1 1 1 0 1 0 1 1 1 1]
 [0 0 0 1 0 1 0 1 1 1 1 1 1 0]
 [1 1 1 1 1 1 1 1 0 1 0 1 1 0]
 [1 1 1 1 0 0 1 0 1 1 1 1 0 0]
 [1 1 0 1 1 1 0 1 0 1 0 1 0 1]
 [1 1 1 1 0 1 1 1 1 0 1 1 1 1]
 [1 1 1 1 1 0 0 0 0 0 1 0 0 1]
 [0 0 0 1 0 1 0 1 0 1 1 0 0 1]
 [0 1 0 0 0 1 1 0 1 1 1 1 1 1]]
15,13269786226.0,[1.14965926e+09 8.49871353e+09 1.37321244e+10 1.46105292e+10
 1.46657725e+10],,[-0.91336264 -0.35954405  0.03484142  0.10103727  0.10520036],[[0 1 1 1 0 1 1 1 1 0 1 1 0 1 1]
 [0 0 1 1 0 1 1 1 1 1 1 1 1 1 1]
 [1 0 1 1 1 1 0 1 1 0 1 1 0 1 1]
 [0 1 0 0 0 0 0 1 1 1 1 1 1 1 1]
 [1 0 1 1 1 1 1 0 1 1 1 1 1 1 0]
 [0 1 1 1 1 1 1 1 0 1 1 1 1 1 0]
 [1 1 1 0 1 1 1 0 0 0 0 0 1 1 1]
 [1 1 1 0 1 1 1 1 1 1 1 1 1 1 1]
 [0 1 0 1 1 1 1 1 1 1 1 1 1 0 0]
 [1 1 0 0 0 1 1 0 0 0 1 1 1 0 1]
 [1 1 1 0 1 1 1 1 1 1 1 1 1 1 0]
 [1 1 1 1 1 1 0 1 1 1 0 0 1 1 1]
 [0 0 1 0 1 1 0 0 1 1 0 1 1 1 0]
 [1 1 1 1 0 1 1 1 1 1 1 1 0 1 1]
 [1 1 1 1 1 0 1 1 1 1 1 0 0 1 1]]
15,8953319909.0,[2.34306915e+08 4.94380795e+09 8.99498010e+09 9.50896992e+09
 9.50666220e+09],,[-0.97383016 -0.44782405  0.00465304  0.06206078  0.06180303],[[1 0 1 1 1 0 1 1 1 0 1 1 0 1 0]
 [1 1 0 0 1 1 1 1 1 0 1 0 1 1 1]
 [1 1 1 1 1 0 0 0 1 1 1 1 1 0 1]
 [1 1 1 0 1 1 1 0 1 1 1 1 0 0 1]
 [1 0 1 1 1 1 1 0 1 1 1 1 1 1 1]
 [1 1 0 0 1 0 1 1 0 1 0 1 1 1 1]
 [0 0 0 1 0 1 1 0 1 1 1 1 1 1 1]
 [1 1 1 1 0 1 0 1 1 1 1 0 1 0 1]
 [1 1 1 1 1 1 1 1 0 1 0 1 1 0 0]
 [0 0 1 0 0 1 1 1 1 0 1 1 1 1 1]
 [1 0 1 0 1 1 0 1 0 1 0 0 1 1 1]
 [0 1 1 0 0 1 1 1 1 1 1 0 1 0 1]
 [1 1 1 0 1 1 0 1 1 1 1 0 1 1 1]
 [1 1 1 1 1 0 1 0 1 1 1 1 1 0 1]
 [1 0 1 0 1 1 1 1 0 1 1 1 1 0 1]]
15,2481072924.0,[7.43524000e+06 1.10960139e+11 2.06336010e+08 1.63372837e+09
 2.68861115e+09],,[-0.99700322 43.72264301 -0.91683598 -0.34152344  0.08364858],[[1 0 1 0 0 1 1 1 1 1 0 1 1 1 1]
 [1 1 0 1 1 1 1 1 1 0 1 1 1 1 0]
 [1 1 1 1 0 1 1 1 0 1 1 0 1 1 1]
 [1 0 1 1 1 1 1 1 0 1 1 1 0 1 1]
 [1 1 1 1 0 1 0 1 0 1 1 1 1 1 1]
 [0 1 0 1 1 1 0 1 0 0 1 1 1 0 1]
 [1 1 1 1 1 0 0 0 0 1 1 1 0 1 0]
 [1 1 0 1 1 0 0 1 1 0 1 0 1 0 1]
 [1 1 0 1 1 1 1 0 1 1 1 1 1 0 0]
 [1 0 0 1 1 1 1 1 1 0 1 1 0 1 0]
 [1 0 0 1 0 1 1 0 1 0 1 1 0 0 1]
 [0 1 1 0 1 1 1 0 1 1 1 0 0 1 1]
 [1 0 0 1 1 1 1 1 1 0 0 0 1 1 0]
 [1 1 0 0 0 1 1 0 1 0 1 0 1 1 0]
 [0 0 1 1 0 1 1 0 0 0 0 1 1 1 1]]
10,46526.0,[17455. 58369. 74922. 76231. 76277.],,[-0.62483343  0.25454585  0.61032541  0.63846022  0.63944891],[[0 1 0 1 1 0 0 0 0 1]
 [1 0 1 1 1 1 1 1 0 1]
 [1 0 0 1 1 0 1 1 1 0]
 [0 1 0 1 1 0 0 1 0 1]
 [1 1 1 1 1 1 1 0 0 1]
 [1 1 0 1 1 1 1 1 0 1]
 [1 1 1 1 1 1 0 1 0 1]
 [1 1 1 1 1 1 1 0 0 0]
 [0 1 0 1 1 1 1 1 1 1]
 [1 1 1 1 0 0 1 0 1 0]]
10,103434.0,[ 33797.  96312. 113832. 114258. 114257.],,[-0.67325058 -0.0688555   0.10052787  0.10464644  0.10463677],[[0 1 0 1 0 1 1 1 1 1]
 [1 1 1 0 1 1 1 1 1 0]
 [1 1 1 1 1 1 1 1 1 1]
 [1 1 0 1 1 0 0 0 0 1]
 [1 1 1 1 1 1 0 1 0 1]
 [0 1 1 1 1 1 1 1 0 0]
 [0 0 0 1 1 0 0 1 1 1]
 [1 1 1 0 1 1 0 1 0 1]
 [1 0 1 1 0 1 0 1 1 0]
 [0 1 1 1 0 1 1 1 1 1]]
13,10293475.0,[   85302. 70766241. 10902452. 15835874. 16156838.],,[-0.991713    5.87486403  0.05916146  0.53843809  0.56961939],[[0 1 0 1 1 0 1 0 1 0 1 1 1]
 [1 1 1 1 1 1 1 1 1 0 0 1 1]
 [1 1 0 1 1 1 0 1 0 1 0 0 1]
 [1 1 1 1 1 1 1 0 1 1 1 0 0]
 [1 0 0 1 1 1 1 1 1 1 0 1 1]
 [0 0 0 1 1 1 1 0 1 1 1 0 1]
 [1 1 0 0 0 1 0 0 1 0 0 0 1]
 [1 1 0 1 0 1 0 1 0 1 1 0 0]
 [1 0 1 0 1 1 1 0 0 1 0 1 0]
 [1 1 1 0 0 1 1 0 0 1 1 1 1]
 [0 1 0 0 1 0 1 0 0 1 0 0 1]
 [1 1 1 0 0 0 1 1 1 1 1 1 1]
 [1 1 1 0 1 1 0 1 1 1 0 0 1]]
10,33019.0,[ 6631. 32260. 44501. 45714. 45766.],,[-0.79917623 -0.02298677  0.34773918  0.3844756   0.38605046],[[0 1 0 1 1 1 0 1 1 1]
 [1 0 0 1 0 1 1 1 1 0]
 [0 1 1 1 1 1 1 1 1 0]
 [0 1 1 1 1 1 1 0 1 1]
 [1 0 0 1 1 1 1 1 1 0]
 [1 0 1 1 1 0 0 1 1 1]
 [1 0 0 1 1 0 1 1 0 0]
 [0 1 1 0 1 1 1 0 1 0]
 [1 0 1 1 0 1 1 1 0 0]
 [0 0 1 0 1 1 0 1 1 0]]
10,112686.0,[ 41112. 116765. 135900. 135673. 135680.],,[-0.6351632   0.03619793  0.20600607  0.20399162  0.20405374],[[1 0 1 1 0 1 1 1 1 0]
 [1 1 1 1 1 1 1 1 1 0]
 [1 0 0 0 1 0 1 0 1 0]
 [1 1 1 1 1 0 1 1 1 1]
 [1 1 1 1 1 1 0 1 1 0]
 [0 1 1 1 1 1 1 1 1 1]
 [0 1 1 0 1 1 0 0 1 1]
 [0 1 0 0 1 0 1 1 1 1]
 [1 1 0 1 1 0 1 1 0 1]
 [0 1 1 1 0 1 1 1 1 0]]
10,53617.0,[11579. 53532. 72365. 72310. 72313.],,[-0.78404237 -0.00158532  0.34966522  0.34863942  0.34869538],[[1 1 1 1 0 0 1 0 1 1]
 [0 0 1 0 0 0 0 1 0 1]
 [1 0 1 0 1 1 1 0 1 1]
 [1 1 1 1 1 1 1 1 1 0]
 [1 1 1 0 0 1 1 0 0 1]
 [1 1 0 1 1 1 0 1 0 1]
 [1 1 0 1 1 1 1 1 1 1]
 [1 1 0 1 0 1 1 1 1 0]
 [1 0 1 0 0 1 1 1 1 1]
 [0 0 0 1 0 1 1 1 1 1]]
13,45452374.0,[ 3001010. 32268699. 53520866. 56048709. 56091465.],,[-0.93397463 -0.29005471  0.1775153   0.23313051  0.23407118],[[1 1 1 1 0 1 0 1 1 1 1 1 1]
 [0 1 0 1 0 0 1 0 1 1 1 1 0]
 [1 0 1 0 1 1 0 0 0 1 1 1 0]
 [0 1 1 0 1 1 0 1 1 1 1 1 1]
 [1 1 1 1 1 1 1 0 1 1 0 1 1]
 [1 1 1 0 1 0 1 1 1 0 1 0 1]
 [0 1 1 1 1 0 0 1 1 0 1 0 0]
 [1 1 0 1 1 1 0 0 0 1 1 0 1]
 [1 0 0 1 1 1 0 1 1 1 1 1 1]
 [1 1 1 1 0 1 0 1 1 1 1 1 1]
 [1 0 1 1 1 1 1 1 1 0 1 0 1]
 [1 1 1 1 0 1 1 1 1 1 1 1 1]
 [0 0 0 0 1 1 1 1 0 0 1 0 0]]
10,51376.0,[ 6539. 33168. 49750. 51094. 51101.],,[-0.87272267 -0.35440673 -0.03164902 -0.00548894 -0.00535269],[[1 0 1 1 0 1 1 1 1 1]
 [1 1 1 0 1 0 1 1 0 1]
 [1 0 0 1 1 1 1 1 1 0]
 [0 1 0 1 1 0 1 0 1 1]
 [0 1 1 1 1 0 1 1 1 1]
 [1 0 1 1 1 0 0 1 0 1]
 [0 0 1 0 0 1 1 1 0 1]
 [1 1 0 0 0 1 0 1 0 1]
 [0 1 0 0 1 1 1 1 1 0]
 [1 1 0 1 1 1 0 0 1 1]]
15,6841410810.0,[1.71219817e+08 5.28185796e+09 8.00534541e+09 8.21149614e+09
 8.21080197e+09],,[-0.97497303 -0.22795778  0.17013079  0.20026357  0.2001621 ],[[1 1 0 1 1 1 1 1 0 1 1 1 1 1 0]
 [1 1 1 1 1 1 1 1 1 1 0 1 1 0 1]
 [1 1 0 1 1 0 1 0 1 1 0 0 1 0 1]
 [1 1 1 0 0 1 1 1 1 0 0 1 0 1 1]
 [0 1 1 1 1 1 1 1 1 1 1 1 1 0 1]
 [0 1 0 1 1 0 0 1 1 1 1 1 0 1 1]
 [1 1 1 0 1 1 1 0 1 0 1 1 1 0 1]
 [1 1 0 0 1 1 1 1 1 1 0 1 1 1 1]
 [1 1 0 1 1 1 1 0 1 1 1 0 1 1 1]
 [1 1 1 0 1 1 1 0 1 0 0 1 1 1 1]
 [1 1 0 1 0 1 1 0 0 1 1 0 0 0 0]
 [1 0 1 1 1 0 1 1 1 0 0 1 0 1 1]
 [0 1 1 1 1 1 1 1 0 0 1 1 1 1 1]
 [1 1 0 1 0 1 1 1 1 0 0 0 0 1 0]
 [1 0 0 1 1 1 0 1 1 1 1 0 1 1 1]]
12,6302642.0,[ 645949. 4124485. 6376592. 6550382. 6549891.],,[-0.89751139 -0.34559428  0.01173317  0.03930733  0.03922942],[[1 1 0 0 1 1 1 1 1 0 1 0]
 [1 1 1 1 1 1 1 0 1 1 0 1]
 [0 1 1 1 0 1 1 1 1 1 0 1]
 [0 0 1 0 1 0 0 1 1 0 1 1]
 [1 0 0 0 0 1 1 1 1 0 1 1]
 [1 0 1 0 1 0 1 0 1 1 0 1]
 [1 1 1 0 0 1 1 1 0 1 1 1]
 [1 1 1 0 1 1 1 0 1 1 1 1]
 [0 0 1 1 1 1 0 1 0 1 1 1]
 [0 0 1 1 1 1 1 1 0 1 1 1]
 [0 1 1 1 1 1 1 1 0 1 1 0]
 [1 1 1 1 0 1 1 0 1 0 1 1]]
10,70247.0,[16618. 59179. 77933. 79045. 79057.],,[-0.76343474 -0.15755833  0.10941393  0.12524378  0.12541461],[[0 1 0 1 1 0 1 1 0 1]
 [1 0 1 1 1 1 1 0 1 0]
 [1 0 0 0 0 1 1 1 1 1]
 [1 1 1 1 1 1 0 1 0 1]
 [0 1 0 0 0 1 0 1 0 1]
 [1 1 0 1 1 0 0 1 1 0]
 [1 1 1 1 1 1 0 0 0 1]
 [1 1 1 0 1 0 1 1 1 1]
 [1 0 1 1 0 1 1 1 1 1]
 [1 1 1 0 1 1 0 1 1 1]]
10,97394.0,[28263. 81511. 98471. 99392. 99413.],,[-0.70980759 -0.16307986  0.01105818  0.02051461  0.02073023],[[0 1 0 1 0 1 1 1 0 1]
 [1 1 1 0 0 1 1 1 1 1]
 [1 1 0 1 1 1 1 0 0 1]
 [1 1 0 1 1 1 1 1 1 1]
 [0 1 1 0 1 1 1 0 1 0]
 [0 1 1 0 1 1 0 0 1 1]
 [0 0 1 1 1 1 0 0 1 1]
 [1 1 1 1 0 1 1 1 1 1]
 [1 0 1 0 0 1 1 1 1 1]
 [1 1 0 1 1 1 0 1 0 0]]
13,63752687.0,[ 4779894. 37883516. 59411449. 62460738. 62612771.],,[-0.92502443 -0.40577381 -0.06809498 -0.02026501 -0.01788028],[[1 0 0 1 0 1 0 1 1 1 1 0 1]
 [1 1 0 0 1 1 1 1 1 0 1 1 1]
 [1 0 1 1 1 0 0 1 1 0 1 1 1]
 [0 1 1 0 1 0 1 1 1 1 1 0 1]
 [0 0 1 1 0 1 1 1 1 1 0 1 1]
 [1 1 1 1 0 1 1 1 1 0 1 1 0]
 [0 1 1 1 0 0 1 0 1 1 1 1 1]
 [0 1 1 0 0 0 1 1 1 0 1 1 1]
 [1 1 1 0 1 1 0 1 1 1 1 1 1]
 [0 1 1 1 1 1 0 1 0 1 1 0 1]
 [0 1 1 1 1 0 1 1 1 1 0 1 1]
 [1 1 0 0 0 1 1 1 1 1 1 0 0]
 [1 0 1 1 1 1 1 1 0 0 1 1 0]]
11,1167786.0,[ 528610. 1310385. 1523943. 1532867. 1533014.],,[-0.54734001  0.12211056  0.30498482  0.31262663  0.31275251],[[0 1 0 0 1 1 1 0 0 1 1]
 [1 0 0 0 1 0 1 1 1 0 1]
 [1 1 0 1 1 1 1 1 1 0 0]
 [1 1 1 1 1 1 1 1 1 0 1]
 [1 1 1 1 1 1 1 1 1 1 1]
 [1 1 1 0 1 1 1 1 1 1 1]
 [1 1 1 0 1 0 1 1 1 0 1]
 [0 1 0 0 0 1 1 1 1 1 1]
 [0 1 1 1 1 0 1 0 0 1 0]
 [1 0 1 1 1 1 1 0 1 1 1]
 [1 1 1 0 1 1 1 1 1 1 0]]
11,1947136.0,[ 841596. 1793342. 1990647. 1996306. 1996372.],,[-0.56777749 -0.07898472  0.02234615  0.02525247  0.02528637],[[1 1 1 0 1 1 1 0 1 1 1]
 [1 1 1 0 0 1 1 1 1 1 0]
 [1 1 1 1 1 1 1 1 0 1 1]
 [0 1 0 1 1 1 1 1 1 1 1]
 [1 1 0 0 1 0 1 1 1 0 1]
 [1 1 1 1 0 1 0 0 1 0 1]
 [0 1 1 1 0 1 1 1 0 1 1]
 [1 1 1 0 1 1 1 1 1 0 1]
 [1 0 1 1 1 1 1 0 0 1 1]
 [1 0 1 1 1 1 1 1 1 0 1]
 [0 1 1 1 1 1 1 1 1 0 0]]
14,528011873.0,[3.39528610e+07 4.24999927e+08 7.16281062e+08 7.53166042e+08
 7.53852506e+08],,[-0.93569678 -0.195094    0.35656242  0.42641876  0.42771885],[[1 1 1 1 0 0 1 0 0 1 1 0 1 1]
 [0 1 1 1 1 1 1 1 1 0 1 1 1 1]
 [1 1 1 1 1 0 0 1 1 1 1 1 1 1]
 [0 1 0 1 0 0 1 0 1 1 1 1 1 1]
 [1 0 0 0 0 1 0 1 0 1 1 1 1 0]
 [1 1 1 1 1 1 1 1 0 1 1 1 1 0]
 [1 0 0 1 0 1 1 1 1 0 1 1 1 1]
 [1 1 1 0 0 0 1 0 1 0 0 1 1 0]
 [0 1 1 1 1 1 1 1 1 0 0 1 1 1]
 [1 1 1 0 0 1 1 1 0 1 1 1 0 1]
 [1 1 0 1 1 1 1 1 1 1 1 1 1 1]
 [1 1 0 0 0 1 1 1 0 0 1 1 0 1]
 [1 1 1 1 0 1 0 1 0 1 1 1 1 1]
 [0 1 0 1 1 0 1 1 0 1 1 1 1 0]]
15,8792928252.0,[3.72727026e+08 5.58578068e+09 8.78084573e+09 9.30780637e+09
 9.34312758e+09],,[-0.95761059 -0.3647417  -0.00137412  0.05855593  0.06257293],[[1 0 1 1 1 1 1 1 1 1 1 1 1 1 1]
 [0 1 0 0 1 1 1 1 0 1 1 1 1 0 1]
 [1 0 0 1 0 1 1 1 1 1 1 0 0 1 1]
 [0 1 0 0 1 1 0 1 1 0 1 1 0 1 1]
 [1 1 0 0 1 1 1 1 1 1 1 1 1 1 0]
 [1 1 0 0 1 0 1 1 1 1 1 1 1 1 1]
 [1 1 1 1 1 1 1 0 1 0 1 1 0 0 1]
 [0 1 1 1 1 1 0 0 0 1 1 1 1 0 0]
 [1 0 1 1 1 1 1 0 1 1 1 1 1 0 1]
 [0 1 1 1 1 1 0 0 0 1 1 1 0 1 0]
 [1 1 0 0 1 1 1 1 1 1 0 0 0 1 0]
 [1 0 0 1 0 1 1 1 1 1 1 1 1 1 1]
 [1 0 1 1 1 1 1 0 0 1 0 1 1 1 1]
 [1 1 1 1 1 1 1 0 1 0 1 0 0 1 1]
 [1 1 1 1 0 1 1 1 0 1 0 1 1 0 1]]
14,409713948.0,[1.18495450e+07 3.34748413e+08 4.90380909e+08 5.04943709e+08
 5.05223931e+08],,[-0.97107849 -0.18297042  0.19688605  0.23242987  0.23311382],[[0 1 1 1 1 0 0 1 1 1 1 1 1 0]
 [0 1 0 1 1 1 1 1 0 1 1 1 1 1]
 [0 0 1 1 1 0 1 1 1 1 1 0 1 1]
 [1 1 1 1 0 0 0 1 0 0 0 1 1 1]
 [1 1 1 1 0 0 0 0 1 1 1 0 0 0]
 [1 0 1 1 1 1 1 0 1 1 1 1 0 1]
 [0 1 0 1 1 0 1 1 1 0 1 1 0 1]
 [1 1 1 0 1 0 0 0 1 1 1 0 1 1]
 [1 1 1 1 0 0 0 1 1 1 1 1 1 1]
 [1 1 0 1 1 1 1 0 0 1 1 1 1 1]
 [1 0 1 1 0 0 1 1 0 1 0 0 1 1]
 [1 1 1 0 0 1 1 1 1 1 1 1 1 1]
 [1 1 1 1 1 1 0 1 1 1 1 1 0 0]
 [1 0 1 0 0 1 0 0 1 1 1 0 1 1]]
14,787407663.0,[4.21969360e+07 4.72317633e+08 7.89715726e+08 8.26230930e+08
 8.26658429e+08],,[-0.94641031 -0.40016124  0.00293122  0.04930517  0.04984809],[[1 0 1 1 1 1 0 1 1 0 1 1 1 1]
 [0 1 1 0 1 1 1 1 1 1 1 1 1 1]
 [1 1 1 1 1 1 1 1 0 0 1 1 1 1]
 [0 1 0 1 0 1 1 1 0 0 1 1 0 1]
 [1 1 1 0 1 1 1 1 1 1 1 1 1 0]
 [1 1 1 1 1 1 0 1 0 1 0 1 1 0]
 [1 1 1 1 1 1 1 1 1 0 1 0 0 1]
 [0 1 0 1 1 1 1 1 0 1 0 1 1 0]
 [1 1 0 1 1 1 1 0 1 0 1 0 1 0]
 [1 1 1 1 1 1 1 0 1 1 1 0 1 1]
 [0 0 1 0 1 0 1 1 1 1 0 1 0 1]
 [0 1 0 0 1 1 1 0 1 1 0 0 0 1]
 [1 0 1 1 1 1 0 1 1 1 1 0 1 1]
 [1 1 0 1 0 0 1 1 0 1 0 1 1 1]]
12,4657032.0,[ 423652. 3120315. 4905543. 5117228. 5123445.],,[-0.90902961 -0.32997776  0.05336253  0.09881744  0.10015241],[[0 1 1 0 1 0 1 0 0 1 1 1]
 [1 1 0 1 0 0 1 1 1 1 1 0]
 [1 1 0 1 1 0 1 0 1 1 1 1]
 [1 1 1 0 1 1 1 1 1 1 1 1]
 [1 1 0 1 1 0 1 0 1 1 1 1]
 [1 1 1 1 1 1 1 1 0 0 1 0]
 [1 1 1 1 1 1 0 1 1 0 0 1]
 [0 0 1 0 1 1 0 1 0 1 0 1]
 [1 0 1 1 1 1 0 1 0 1 0 1]
 [0 1 0 1 1 1 0 0 1 1 1 1]
 [1 1 1 0 1 1 0 1 1 1 1 1]
 [1 0 0 1 1 0 0 1 1 0 0 0]]
12,1458966.0,[  23150. 1893303. 1689757. 1690807. 1690819.],,[-0.9841326   0.29770193  0.15818806  0.15890775  0.15891597],[[1 1 1 1 1 0 0 0 0 1 1 1]
 [1 0 1 1 1 0 1 1 0 0 1 1]
 [1 0 1 0 0 1 1 0 1 1 0 0]
 [0 1 0 0 1 1 1 1 1 1 0 1]
 [1 0 1 1 1 0 0 0 0 0 1 1]
 [1 1 1 0 1 1 1 0 1 1 1 1]
 [0 1 0 1 0 1 1 0 1 0 0 1]
 [0 0 1 1 1 1 1 0 0 1 1 0]
 [1 1 1 1 0 1 1 0 1 1 0 1]
 [0 1 1 1 1 0 1 1 1 1 1 0]
 [1 0 1 1 1 0 1 1 1 0 1 1]
 [1 0 0 1 0 1 0 1 0 0 0 0]]
10,56338.0,[15415. 56039. 72238. 73227. 73246.],,[-0.72638361 -0.00530725  0.28222514  0.2997799   0.30011715],[[1 1 1 1 1 1 0 0 1 1]
 [1 1 0 1 1 1 0 1 1 1]
 [1 0 0 1 1 1 0 1 1 0]
 [1 1 1 0 1 1 0 1 0 1]
 [1 1 0 1 1 0 0 0 1 0]
 [0 1 1 1 1 1 1 1 1 1]
 [1 0 0 0 1 0 1 0 0 1]
 [1 1 1 0 0 1 1 1 1 1]
 [1 1 0 1 1 0 1 1 0 1]
 [1 1 1 1 1 0 0 0 1 0]]
10,26426.0,[ 9713. 42940. 54949. 55653. 55668.],,[-0.63244532  0.62491486  1.07935367  1.1059941   1.10656172],[[1 0 1 0 1 1 0 0 0 1]
 [0 0 1 0 0 1 0 0 1 0]
 [1 0 1 0 1 1 1 0 0 1]
 [0 0 1 1 0 1 0 1 0 1]
 [0 0 0 0 1 1 1 1 1 1]
 [1 0 1 1 1 1 1 0 0 1]
 [1 0 1 1 0 1 1 1 1 0]
 [1 1 1 1 1 0 1 1 1 1]
 [1 1 1 1 1 1 1 1 1 1]
 [1 1 1 1 0 1 1 1 1 1]]
14,187258018.0,[1.66453000e+06 7.75193197e+08 2.17263541e+08 2.62284357e+08
 2.63921176e+08],,[-0.99111103  3.1397063   0.16023625  0.40065755  0.40939853],[[0 1 1 1 1 1 0 1 1 0 0 0 1 0]
 [1 1 0 0 1 0 0 1 1 1 0 1 0 0]
 [1 1 1 1 1 0 1 1 1 1 0 0 1 1]
 [1 1 0 1 1 1 1 1 0 0 1 1 0 1]
 [1 1 1 1 1 1 0 0 1 1 0 1 1 1]
 [0 1 0 0 1 1 1 1 0 1 1 1 1 1]
 [1 1 1 1 1 0 1 1 1 1 1 0 0 0]
 [1 1 1 1 1 1 0 0 1 0 0 1 1 0]
 [1 1 0 1 1 1 1 1 1 1 1 1 0 0]
 [0 1 0 1 0 1 1 0 1 0 1 0 0 0]
 [1 1 1 0 1 0 0 1 1 0 0 0 1 0]
 [0 1 0 1 1 1 1 1 1 1 1 1 1 1]
 [1 1 1 1 1 1 1 0 0 1 0 1 0 0]
 [0 1 1 1 0 1 1 0 1 1 0 0 1 1]]
12,13684828.0,[ 3783540. 11977244. 14871390. 14960471. 14960012.],,[-0.72352301 -0.12477935  0.08670639  0.09321586  0.09318232],[[1 1 0 1 1 0 1 1 1 0 1 0]
 [1 1 1 0 0 0 1 1 1 1 1 1]
 [0 1 1 1 1 1 1 1 1 0 1 1]
 [1 0 0 1 1 1 1 1 1 1 1 1]
 [1 0 1 1 0 0 1 1 0 0 1 1]
 [1 1 1 1 1 1 1 1 0 1 1 1]
 [0 1 1 1 1 1 1 1 1 1 1 0]
 [1 0 1 0 0 1 1 1 1 0 1 1]
 [0 1 1 1 1 1 0 0 0 1 1 1]
 [0 0 1 1 1 1 1 1 1 0 1 1]
 [1 1 1 0 1 1 0 1 1 1 0 1]
 [0 1 1 1 1 0 1 1 1 0 1 1]]
11,434904.0,[ 52497. 303366. 464962. 483877. 484487.],,[-0.8792906  -0.30245296  0.0691141   0.11260646  0.11400907],[[0 1 1 1 0 1 1 1 1 1 0]
 [0 0 1 1 1 0 1 1 1 1 1]
 [0 1 1 1 1 0 1 0 1 1 1]
 [1 1 1 1 1 1 0 1 1 1 0]
 [1 0 1 0 1 1 0 1 1 1 0]
 [0 1 0 1 0 1 0 1 1 1 0]
 [1 1 1 0 0 0 1 1 0 1 1]
 [1 0 1 1 0 0 1 1 0 1 1]
 [0 1 1 1 1 1 1 0 1 0 0]
 [1 0 1 0 1 0 0 1 1 1 1]
 [1 0 1 1 1 0 0 1 1 1 0]]
10,104164.0,[ 37731.  94251. 109349. 110333. 110373.],,[-0.63777313 -0.09516724  0.04977727  0.05922392  0.05960793],[[0 1 0 1 1 1 0 1 0 1]
 [1 0 0 1 0 1 1 0 1 1]
 [0 1 0 1 1 0 1 1 1 1]
 [1 0 1 0 1 1 0 1 1 1]
 [0 1 1 1 1 1 1 0 0 1]
 [1 0 1 1 0 1 0 1 1 1]
 [1 1 1 1 1 1 1 0 1 1]
 [1 1 1 1 1 0 0 1 1 0]
 [0 0 1 1 1 0 0 1 1 1]
 [1 1 1 1 1 1 0 1 1 1]]
11,972492.0,[ 301965.  945359. 1161068. 1168205. 1168204.],,[-0.68949359 -0.02790049  0.19391008  0.20124896  0.20124793],[[1 1 0 0 0 0 0 1 1 0 1]
 [1 1 1 1 1 1 1 1 1 1 0]
 [1 0 1 1 1 0 1 0 0 1 1]
 [1 1 1 1 0 1 1 1 1 1 1]
 [1 1 1 0 1 1 1 1 0 0 0]
 [0 1 0 1 0 0 1 1 1 1 1]
 [1 1 1 1 1 1 1 1 1 1 1]
 [1 0 1 1 0 1 1 1 0 1 0]
 [0 1 0 1 1 1 1 0 1 0 1]
 [1 1 0 1 0 1 1 1 1 0 1]
 [1 1 1 1 1 0 1 1 1 0 1]]
10,71124.0,[17973. 65046. 82034. 82551. 82548.],,[-0.74730049 -0.08545639  0.15339407  0.16066307  0.16062089],[[1 0 1 1 0 1 1 1 1 1]
 [0 1 1 0 1 0 1 1 1 0]
 [0 0 1 0 1 0 0 0 1 1]
 [0 1 1 1 0 1 1 0 0 0]
 [1 0 1 1 1 1 1 1 1 1]
 [1 1 1 1 0 0 1 1 1 1]
 [1 1 0 0 0 1 1 1 1 1]
 [1 0 0 1 0 0 1 1 1 0]
 [1 1 0 0 1 1 1 1 1 1]
 [0 1 1 1 1 1 1 1 1 1]]
12,4728727.0,[ 355383. 2965301. 5095373. 5293572. 5290822.],,[-0.92484595 -0.3729177   0.07753588  0.1194497   0.11886814],[[1 1 1 0 0 1 1 1 1 1 0 1]
 [1 0 1 1 1 0 1 0 1 1 1 1]
 [0 1 1 0 1 1 0 1 0 1 1 0]
 [1 1 0 0 0 0 1 0 1 0 1 1]
 [1 1 0 1 0 1 0 1 1 1 1 1]
 [1 1 1 1 1 1 0 1 0 1 0 0]
 [1 1 1 1 1 1 1 1 0 1 1 1]
 [0 0 1 1 1 1 1 1 0 0 0 1]
 [1 0 0 0 1 1 1 0 1 1 1 1]
 [0 0 1 0 1 1 0 0 0 1 1 1]
 [1 1 1 1 1 0 0 1 0 1 1 1]
 [0 1 1 1 1 1 0 1 1 1 1 1]]
11,282000.0,[ 17717. 179720. 310954. 325835. 325862.],,[-0.93717376 -0.36269504  0.10267376  0.15544326  0.15553901],[[1 0 1 1 1 1 1 1 0 1 1]
 [0 0 1 1 1 1 1 1 0 1 1]
 [0 0 0 1 0 1 0 1 1 1 1]
 [1 1 1 1 1 0 0 1 1 0 1]
 [0 1 0 0 1 0 1 0 1 0 1]
 [1 0 1 1 1 1 1 0 0 1 1]
 [1 1 0 1 1 0 1 1 1 0 0]
 [1 0 0 1 0 1 1 0 0 1 0]
 [0 1 1 0 1 0 1 1 1 1 1]
 [0 1 0 1 0 0 1 0 1 1 1]
 [1 0 1 1 0 0 1 1 1 1 1]]
15,4492490418.0,[5.98412740e+07 5.92040234e+09 5.37862663e+09 5.37357058e+09
 5.37344589e+09],,[-0.98667971  0.31784418  0.19724832  0.19612288  0.19609512],[[0 1 1 0 0 0 0 1 1 1 1 1 1 1 0]
 [1 1 1 0 1 1 1 0 1 1 1 1 1 1 0]
 [0 0 0 0 0 1 1 1 1 1 1 1 1 1 1]
 [1 1 1 1 1 1 1 0 0 1 0 1 1 0 0]
 [0 1 0 1 1 1 1 1 0 1 1 1 1 0 1]
 [1 1 0 0 1 1 1 1 0 1 0 1 1 1 1]
 [1 1 1 0 1 1 0 1 1 1 1 1 1 1 0]
 [0 0 1 0 0 1 0 0 1 1 1 0 1 0 1]
 [1 1 0 1 1 0 1 0 1 1 1 0 1 1 0]
 [1 1 1 1 0 0 0 1 1 0 1 1 0 1 1]
 [1 1 1 1 1 1 1 1 1 1 1 0 1 1 1]
 [1 1 0 1 0 0 1 0 1 1 0 0 1 1 1]
 [0 1 1 0 0 1 1 1 1 1 1 0 0 1 0]
 [0 1 1 1 1 0 0 1 0 1 1 1 0 1 1]
 [1 1 1 0 1 0 1 1 1 1 0 1 1 1 1]]
13,14390370.0,[  167041. 58640730. 14039683. 16603676. 16798333.],,[-0.98839217  3.07499807 -0.02436956  0.15380466  0.16733156],[[1 1 1 1 0 1 0 0 1 0 1 1 0]
 [0 0 1 0 1 0 1 0 1 1 1 0 0]
 [0 0 1 0 0 1 0 1 1 0 1 1 0]
 [0 1 0 1 1 0 1 0 0 0 1 1 1]
 [1 1 1 1 1 1 1 1 1 1 1 1 1]
 [0 1 0 1 0 1 0 1 1 1 0 1 0]
 [1 1 0 0 0 1 1 0 1 1 1 0 0]
 [1 1 0 1 1 1 1 1 1 1 0 1 1]
 [1 1 1 1 0 1 0 0 1 1 0 1 0]
 [1 1 1 1 1 1 1 1 1 1 0 0 1]
 [0 1 1 1 1 1 0 1 1 0 0 0 1]
 [0 0 0 1 1 1 0 1 1 1 1 1 0]
 [1 1 1 1 1 0 1 1 0 0 0 0 1]]
11,504912.0,[ 51688. 333579. 530038. 541064. 540770.],,[-0.89762969 -0.3393324   0.04976313  0.0716006   0.07101832],[[1 1 1 1 1 0 0 0 0 0 1]
 [1 0 0 1 1 1 1 1 1 1 1]
 [1 1 1 1 1 0 1 0 1 0 1]
 [1 1 0 0 1 1 1 1 0 1 1]
 [1 1 1 1 1 0 0 1 1 1 0]
 [0 1 1 0 1 0 1 1 0 0 1]
 [1 1 0 0 1 0 0 1 1 1 0]
 [1 1 0 1 0 0 1 1 1 1 0]
 [0 1 1 0 1 1 0 1 0 1 1]
 [1 0 1 1 1 1 1 1 1 0 1]
 [1 0 1 0 1 1 1 1 1 1 0]]
12,8963740.0,[ 2060990.  8507181. 11410327. 11481340. 11479685.],,[-0.77007477 -0.05093399  0.27294266  0.28086491  0.28068027],[[1 1 1 1 1 1 1 1 0 1 1 1]
 [1 1 0 1 1 1 1 0 1 1 1 1]
 [1 1 1 1 0 1 1 1 1 1 1 1]
 [1 1 0 1 1 0 0 1 0 1 1 1]
 [1 1 1 0 0 1 0 0 0 1 1 1]
 [1 1 1 0 1 1 1 1 1 0 1 0]
 [0 0 1 0 1 0 1 0 1 1 1 1]
 [0 1 0 1 1 1 1 0 0 1 1 1]
 [1 1 1 1 1 1 1 1 1 0 1 1]
 [1 0 0 1 0 0 1 0 1 1 1 0]
 [1 1 0 1 1 0 0 0 1 1 1 1]
 [1 0 0 1 1 1 1 1 1 1 1 1]]
15,11075431291.0,[6.71048915e+08 6.95942183e+09 1.28561599e+10 1.37112463e+10
 1.37170532e+10],,[-0.93941104 -0.37163424  0.16078187  0.23798757  0.23851188],[[0 0 1 0 0 1 1 1 0 1 0 1 1 1 0]
 [1 1 1 1 1 1 1 0 0 0 1 1 0 0 1]
 [0 1 1 1 1 0 0 0 0 1 1 0 1 1 1]
 [0 1 1 1 1 1 1 1 1 0 1 0 0 1 1]
 [1 1 1 1 1 1 1 1 1 1 1 0 0 1 1]
 [1 1 1 0 0 1 1 1 0 1 1 1 1 1 1]
 [1 1 0 1 1 1 1 1 1 1 1 1 1 0 1]
 [1 1 1 1 1 1 1 1 1 1 1 1 1 0 1]
 [1 1 0 1 1 1 1 0 1 0 0 0 1 1 1]
 [0 1 1 1 0 0 1 1 1 1 1 0 0 0 1]
 [1 1 1 1 0 1 1 1 1 1 1 0 1 1 0]
 [1 1 1 0 1 1 1 1 1 1 1 1 1 0 0]
 [0 1 1 1 0 1 1 1 1 1 1 1 1 1 1]
 [1 1 0 1 1 1 1 1 1 0 0 1 1 1 1]
 [0 1 1 0 1 1 0 1 0 0 0 0 1 1 1]]