N,Permanent,Error,
10,404894.0,0.13807564448966891,
15,22010275394.0,0.629175072010914,
15,41105904876.0,0.30914913957823076,
13,272587904.0,0.08629207552804691,
14,3630906020.0,-0.433662014749696,
12,21780107.0,-0.3602147133620602,
15,49378499768.0,-0.06335880425757336,
14,3188595420.0,-0.13637008234804526,
15,53855182750.0,-0.044252163455893063,
12,39316596.0,0.14979909925738902,
14,2196205352.0,-0.047005837548837734,
10,271060.0,0.1868270247669642,
15,57199808148.0,0.08185125935887808,
10,190854.0,-0.22738847495991701,
11,2201094.0,-0.1031732402160019,
13,189812304.0,0.10555699276481044,
12,19739670.0,-0.13190038131336543,
14,4917197658.0,0.22791563242870133,
11,1433471.0,-0.12938594502435,
13,256090230.0,-0.42246293425563325,
15,87704234038.0,0.2389236737752125,
10,359593.0,0.10050343953673561,
10,634460.0,0.23569649780916055,
12,38287336.0,-0.8127840495353346,
14,4243978514.0,-0.008025138178162076,
15,63710252428.0,0.1176367332788368,
12,19348302.0,0.20791168134547394,
13,652365436.0,-0.11841895927791019,
13,164568607.0,0.2005205828837088,
10,105415.0,1.09376907144777,
15,26784687786.0,0.7057357683250765,
14,3148263100.0,0.10653013720486067,
13,127897264.0,-0.30504220950340266,
12,20964096.0,0.2734915924826904,
12,24144672.0,0.23080294208731997,
14,915978564.0,0.41431432013293273,
15,59472232594.0,0.6425466026620175,
12,24704718.0,-0.46304669415777183,
15,38176692936.0,-0.08450505310683468,
13,419376888.0,-0.026555798182183087,
15,27651817966.0,-0.5354241541805469,
10,252838.0,1.4186237828174557,
10,483640.0,-0.12309431257409101,
12,38449549.0,-0.09292043971699122,
12,18079100.0,-0.6465664773135831,
13,512950658.0,-0.1012019717498832,
11,4803066.0,-0.07309206244511318,
10,278860.0,-0.3814817471132468,
13,204157121.0,0.5034694773149742,
15,107434073280.0,0.16997560898958777,
15,14822548778.0,-0.6717131396981935,
11,2881354.0,-0.20677292689478627,
13,292476742.0,-0.6693428156417306,
13,173458086.0,-0.06876647998986914,
13,287401750.0,-0.022224909903993277,
15,96565645932.0,0.6182450652278629,
12,22750444.0,-0.26024007853795433,
12,29248526.0,1.294320746283078,
12,17300568.0,0.8822040987324812,
15,55670099135.0,0.22860079401221997,
13,345554776.0,-0.2123969370343763,
12,34444620.0,-0.12257066560757529,
11,2474058.0,-0.3073727455055621,
12,30465174.0,-0.27341035373702444,
11,833140.0,1.6550159637035793,
11,3848640.0,-0.19331504115739587,
12,45191910.0,0.4239433562334496,
14,2228653926.0,-0.2595036040602385,
14,4720029984.0,-0.24398039586690898,
12,15358849.0,-0.003125299298144021,
14,2102727866.0,-0.17504493660426906,
15,24478922030.0,-0.15039647029751171,
11,2843764.0,0.6234258539034885,
10,661548.0,0.644627449557704,
15,95638446624.0,-0.25317130796982107,
13,390939788.0,0.7395620012972433,
14,1658812734.0,0.34537677596583966,
13,169615272.0,-0.044958451618672464,
13,364537302.0,0.21958561047341016,
12,16564532.0,-0.39912096520445006,
11,3973844.0,0.06319221388660451,
10,221675.0,0.1728882372843125,
14,1319633222.0,0.04406494246323241,
14,4002985712.0,-0.7724962151950844,
15,39862464212.0,-0.5836757127773323,
15,54880877206.0,0.6249209659179878,
12,17460204.0,-1.0,
12,34469406.0,-0.2104302580671104,
14,1943676312.0,0.5131783732928469,
13,104578402.0,0.1780635164037024,
12,35340168.0,-0.628633344357616,
14,2173514796.0,-0.7692008755021146,
12,66536556.0,-0.33341906064389626,
11,3071966.0,-0.10561510120880244,
12,11648680.0,-0.5735633565348177,
12,28893274.0,1.5304712785404653,
14,6266821096.0,-0.24241632443754701,
12,56906184.0,1.2010495965312542,
12,46084066.0,0.0806546453605027,
11,5384300.0,-0.222700072432814,
15,122219564892.0,0.01898919465186145,
10,299742.0,-0.8754484412150005,
15,61704289660.0,-0.8043759941729796,
11,1833048.0,-0.45219110465192397,
13,370776620.0,-0.1358709510863982,
13,166121321.0,0.47246601777263736,
14,3595678938.0,1.3359878745659022,
10,306306.0,-0.18414918414918396,
10,446043.0,0.2106456104007907,
15,19159785600.0,1.7133727592442372,
15,51596451834.0,-0.060332036862052414,
13,217453814.0,0.5823939514806579,
12,43353596.0,0.10776508596887788,
14,4053187606.0,-0.43974406794334797,
10,472952.0,-0.03787276510089819,
13,239909579.0,1.1568125881292968,
12,16109723.0,1.6830405463830755,
14,8528900040.0,-0.6199913253995646,
10,323624.0,1.1124762069562208,
11,1809980.0,-0.42823677609697347,
12,24772584.0,-0.060057683122600375,
12,17172808.0,0.3924338989872827,
12,38210532.0,0.5406014237121846,
11,3309882.0,-1.0,
15,24514370770.0,-0.1194142553143737,
15,75212621064.0,-0.8225274198509616,
10,759216.0,-0.04406651071631788,
15,27831584008.0,1.1191774691317098,
13,516946633.0,0.4460293428393408,
13,235550518.0,-0.6508978171722807,
13,204174873.0,-0.785456242480707,
13,211128132.0,0.21541358590715898,
14,8762379624.0,-0.14534085564060925,
15,37507746059.0,-0.4281547292588275,
14,1173149745.0,0.0690138111908297,
14,1946843800.0,-0.03351260126775463,
12,21145058.0,0.6144481608894145,
15,20309436330.0,0.03202123680012541,
14,5215363344.0,0.5276465846173267,
12,38016862.0,-0.21359807831237285,
13,549906636.0,-0.30133740011822663,
12,9100652.0,-1.0,
14,4452122958.0,-0.0717020156476999,
10,356814.0,-0.390270561132691,
10,231696.0,1.2584075685380844,
13,310435434.0,2.2788731198771592,
11,1165171.0,-0.046217250515160437,
11,1102158.0,-0.6478907742810015,
11,1873117.0,-0.5038857690149627,
15,35731617256.0,-0.42973261316409084,
15,23996840484.0,-0.60368286623645,
13,683910516.0,-0.46887367352602605,
11,6367328.0,-0.43050104114839594,
14,6089362332.0,-0.1347176744088678,
11,2781112.0,0.06041036822680999,
10,359748.0,1.3340338236765736,
12,51501558.0,-0.40947805889678135,
10,152721.0,-0.12499263362602393,
13,334751718.0,-0.26967341210180146,
14,4033304270.0,0.8544401263334392,
10,283040.0,-0.5152628603730922,
15,38370108450.0,-0.5491990849455105,
15,7626980190.0,0.8596137688407972,
12,18621232.0,-0.597929932885214,
14,1854433800.0,0.12750317644124046,
11,1367488.0,-0.11454839498083749,
13,349248212.0,0.2230009068736478,
10,236172.0,0.15621947845920214,
11,4892211.0,0.13322994449748796,
14,5225110712.0,-0.10493194234924376,
13,270348232.0,0.49638115628586743,
12,25550808.0,-0.8025881608127617,
14,1175314130.0,-0.5965647073433892,
14,5168964634.0,0.20679493122645343,
12,47314386.0,-0.5593052819072829,
13,287780664.0,0.6608275252294227,
13,451073616.0,0.21338952354065416,
15,36083098424.0,-0.22277581846057268,
10,910740.0,0.5578013483540857,
10,241812.0,0.47982730385588807,
11,5563128.0,0.6980051510589007,
13,223581808.0,0.3349422418124466,
14,1687797973.0,-0.023082657114252166,
15,52022666662.0,-0.44742035518020273,
15,37959755492.0,-0.5868888037673243,
14,3649060170.0,0.9295971214418205,
10,779616.0,-0.08376545490201458,
15,37193502940.0,-0.7913660906713187,
11,1782296.0,-0.24242537590713215,
15,48211775772.0,0.3581677702489585,
14,4125225458.0,-0.9552741245591334,
14,4512443733.0,-0.10877169047240062,
15,79040927110.0,0.10008646481322883,
15,39980981472.0,0.8014670913079276,
14,3811359863.0,0.23297095234168919,
13,449745122.0,-0.8188998948411298,
14,4706604100.0,0.056316455424835925,
11,7144278.0,0.0484698383797495,
14,1244767948.0,-0.5982210171754841,
15,130345518870.0,-0.007439664043741978,
11,2181480.0,-0.3346168656141702,
13,168878962.0,-0.04499649873499341,
14,2023548830.0,-0.0974509866411279,
10,241078.0,-0.11497523623059756,
14,3188355757.0,0.7860222239936194,
12,22583200.0,-0.34011690105919445,
10,296372.0,-0.7279095191178654,
11,3311300.0,-0.008486093075227252,
11,3502824.0,0.21757758882547312,
11,1429970.0,-0.209426771191004,
14,2755941634.0,-1.0,
13,325312304.0,-0.004897152614307695,
15,37183021644.0,-0.27824607002237745,
13,439217984.0,0.1911971254801807,
12,26893804.0,0.4975226264012335,
11,4579440.0,0.23584979822860436,
12,32862584.0,-0.4882690904647061,
10,361800.0,0.040132669983416254,
10,534072.0,0.4955286927605267,
10,589200.0,0.16334012219959268,
15,49261829874.0,0.04870667070502741,
12,37504026.0,0.7803400626908695,
15,97151505504.0,-0.6119545466184483,
12,27446903.0,-0.0036792129152057704,
11,3036672.0,-0.10773899848254932,
11,1893302.0,-0.666656455230069,
11,5734944.0,-0.12442876512830814,
11,5289084.0,0.1356945739564732,
13,595569360.0,-0.23761423858339523,
15,39238816902.0,2.092526268135647,
15,60246579832.0,0.276499934344024,
11,1102342.0,-0.09472740764662872,
12,20957232.0,-0.04766049256886597,
12,32535466.0,-0.3903514398718003,
14,3701505536.0,-0.35061096177704043,
11,7849380.0,-0.041147198887045856,
13,70811040.0,0.12448906272242294,
11,2352184.0,-0.3509011199804097,
15,18419666324.0,0.09706743024277165,
13,377268612.0,-0.6393020896209621,
15,55271637226.0,0.33525496446273845,
14,3402212742.0,-0.5230480975019522,
15,34150748876.0,0.10002541062741284,
13,226723978.0,0.11452215257091158,
10,379251.0,-0.07733928190037732,
13,299284394.0,-0.27075749896935825,
12,74286880.0,1.2388879436045772,
12,30971644.0,0.04725470820987094,
10,460698.0,-0.21816026985139939,
13,222741450.0,0.4142459789141177,
14,1528376784.0,-0.20404967365691157,
14,2301264487.0,-0.0698425095889467,
14,4756149316.0,0.9837224134785764,
13,236326890.0,-0.46617670126323757,
11,2997808.0,-0.053132155228086654,
11,4226544.0,-0.21774385881230635,
11,14507520.0,0.00876419034174469,
10,333000.0,-0.3306906906906906,
14,838402435.0,-1.0,
15,64836989748.0,-0.5002164911427035,
13,211301723.0,0.2884135355583444,
11,5406200.0,0.16943065369390717,
15,38539016206.0,-0.3984975673460241,
11,2857036.0,-0.18852965100894772,
14,3369814610.0,-0.2496477899714489,
11,7080552.0,0.1199126847737295,
10,163974.0,0.03268404340525554,
14,4431356227.0,-0.619327232208994,
15,29474045670.0,-0.16585210502593362,
10,268321.0,0.8482936482794862,
11,4851408.0,0.6416768996638594,
13,318156370.0,-0.5737361474170705,
11,2604480.0,-0.11758201253225212,
10,115960.0,-0.47016212487064507,
14,5416848660.0,0.1280005005714891,
13,429136476.0,-0.443486132369694,
14,9215468448.0,0.14351595466501021,
11,3987416.0,-0.1631914001448556,
11,3549876.0,-0.4791146173786018,
12,107416656.0,-0.16948745825787018,
10,238850.0,-0.5927150931546996,
11,1663752.0,-0.35795719554356675,
13,280599808.0,-0.47624197946707075,
15,89669616540.0,-0.38924853575603346,
14,3146141308.0,-0.1883010911896822,
11,1943373.0,0.19915219569274634,
12,19849716.0,0.20877721597852786,
14,1684347572.0,-0.5051555784235725,
13,443410138.0,-0.5980014331562261,
10,331058.0,-0.05694403330467111,
15,16589222244.0,0.08167298840607419,
12,16103706.0,1.6223876665408572,
10,276746.0,0.13749711929992756,
10,335186.0,-0.3401156372879536,
11,2790584.0,-0.10027435117523788,
12,48296536.0,-0.2543606301978539,
10,263736.0,0.6511056511056511,
14,2741129758.0,0.13572325093849133,
10,526416.0,-0.2203884380413969,
12,12084512.0,0.4643907838396784,
15,85163095614.0,-0.6633724319987352,
12,42575358.0,0.12228975267806304,
10,297896.0,-0.18940838413406022,
12,14771521.0,-0.35911813008288057,
12,6013853.0,-0.26669308345248877,
12,6707283.0,-1.0,
13,436401696.0,-0.5153382721958991,
10,394608.0,-0.14284555812350486,
12,13070722.0,-0.7174142331234648,
13,558081852.0,0.2558375755963482,
14,1855874448.0,-0.16964727777748898,
12,10366672.0,-0.26533799853993645,
11,1360646.0,-0.3815486663442708,
11,4338520.0,0.5135115200575311,
10,109262.0,-0.16140408681273755,
13,202129378.0,-0.09129240975549828,
15,30850860254.0,-0.49008384626939744,
10,391011.0,0.17075421862243725,
15,46495898661.0,-0.7741880831995476,
11,5959320.0,0.10310572347180551,
14,4925851202.0,0.9414298109770637,
15,18793424270.0,0.7084739608233194,
14,2090121050.0,0.1446579134734804,
10,81236.0,0.05043740870221717,
10,432856.0,0.46030088528286545,
12,21797348.0,-0.7106143371202772,
12,40722537.0,-0.3768692096303658,
12,31673286.0,-0.5568644188039094,
12,4308618.0,0.1422094045004686,
13,547690148.0,-0.020140855263293872,
14,8759565432.0,0.06527456123946897,
14,2455012792.0,-0.3313361114250357,
14,3346202994.0,-0.4639321035763799,
10,416660.0,-0.02078433254932079,
12,20610410.0,-0.2604560510926275,
14,4608328280.0,-0.10817253496532586,
12,15960724.0,0.30958269812823025,
11,2702616.0,-0.2537452601479456,
10,402564.0,0.35070200017885356,
14,1059753195.0,0.5898041241574176,
11,7486152.0,0.153669335060255,
15,89972048958.0,-0.14066538557889163,
12,9278155.0,-0.4122969491240446,
12,35553450.0,0.7419271547486953,
12,69757204.0,0.2288703543794559,
11,2135388.0,-0.585679042871834,
10,408753.0,-0.2108681771142964,
15,42808151134.0,-0.646356696120517,
15,32686136560.0,0.17462790163414774,
10,328762.0,0.4962313162713452,
15,43053423744.0,0.3040084601360897,
11,2790408.0,-0.5330288617291808,
10,394128.0,-0.45439045183290705,
13,225942278.0,1.4545828470402515,
14,1963841582.0,-0.1054397299140191,
15,72428251464.0,0.11223958015941624,
10,348519.0,0.5859463743567621,
13,187183680.0,-0.6437921495276923,
12,15744504.0,0.03524124989901238,
12,46505208.0,0.07057119280059988,
10,227872.0,1.097083742920002,
14,4157503848.0,0.48726741479133806,
10,395442.0,0.13177659429195684,
11,1973965.0,0.9147573538537915,
10,139854.0,-0.34723036563527365,
11,5770344.0,1.6176740936068976,
13,172828128.0,-0.40454137187668887,
11,1961916.0,0.5219734178221698,
13,537587466.0,-0.3399846119180167,
12,36799944.0,0.326817236461012,
14,2878594292.0,-0.3349087068918568,
12,24316024.0,0.1972904780814495,
15,53730312788.0,-0.9367850916222736,
14,6912228676.0,0.36685061256789936,
11,8160354.0,-0.5953116739788495,
15,63354467682.0,0.21967195096414796,
15,33924691306.0,0.13812183732888586,
15,93000649722.0,0.0472721673573428,
12,31846760.0,0.015101065226101494,
12,29750474.0,-0.05306606767565007,
13,244767894.0,-0.21115580079578036,
12,74849712.0,-0.07040390482731583,
11,2524300.0,-0.32914471338588913,
14,3961474507.0,-0.2585277237529374,
11,2578528.0,0.04245523027091426,
12,23530318.0,-0.09420688662176176,
10,218802.0,-0.24446760084459923,
12,28407514.0,0.424082938056459,
14,4792046514.0,-0.1531367677371421,
15,62379098020.0,1.1138036557970736,
14,3308640906.0,-0.4209083262781857,
11,5058960.0,0.15299587266948148,
12,70076562.0,-0.10497892291005943,
12,26284786.0,-0.4588504544035474,
11,3468255.0,-0.28746492592576584,
15,42343087620.0,-0.22830044296141483,
11,1323409.0,0.7141367483521723,
13,127215746.0,0.08030702425783047,
10,1608480.0,-0.07878245299910475,
12,25695243.0,-0.2631857102023818,
13,175942979.0,0.3309912184674333,
10,513696.0,-0.4466454868248925,
15,127480526376.0,-0.5542273618137605,
10,326455.0,0.31742506624190164,
11,1964127.0,0.32720542001611913,
15,56082610524.0,-0.33320380969076147,
12,24262280.0,-0.0427808103772605,
15,19378186450.0,1.5444952987331801,
11,7645386.0,0.06134601967775074,
10,289456.0,-0.5263943397269361,
10,293040.0,-0.43652743652743653,
14,4271522208.0,-0.38780748579453483,
12,26170299.0,-0.6649025676015394,
14,5567076240.0,0.33910492305382905,
13,244135645.0,0.33099724950037535,
14,1314126988.0,-0.022217500969266762,
11,1141513.0,0.6483386522974335,
10,300378.0,-0.6644228272376805,
15,24769262146.0,0.4889163747639396,
14,2990134206.0,0.09805714854258284,
13,327173903.0,-0.054462482602104116,
14,2343456472.0,-0.09413807110815413,
10,266808.0,-0.2611915684687116,
13,578706252.0,0.6273209365638581,
12,38452944.0,-0.30166283236987,
13,277128522.0,-0.27124642912070956,
13,166621281.0,0.3325786878327985,
11,2713464.0,0.39649294530287965,
15,49260766630.0,0.16685540912784613,
11,6518856.0,-0.0357299228917192,
12,39864552.0,-0.395842200860554,
11,1497608.0,0.7549763801119291,
11,2967974.0,0.6036366895397332,
13,686674455.0,-0.4754544932066825,
10,172330.0,0.46426043056925664,
14,7405828488.0,-0.41946103572794485,
10,362032.0,-0.10206832545189376,
11,533537.0,-1.0,
11,3883564.0,-0.15320051375489113,
15,34400374486.0,-0.5411242475158443,
15,22626777656.0,-0.6477561179425593,
12,43820823.0,-0.4686361778280612,
11,1173373.0,-0.17733690253085208,
14,6024266166.0,-0.3121719051216305,
11,1430650.0,-0.09814420018872541,
12,54614736.0,-0.37159113979787434,
14,2456134438.0,0.3407800277746847,
11,3881626.0,0.000817698562406579,
12,18377636.0,-0.07853218988557614,
12,33508470.0,0.06399844576610034,
12,36562556.0,0.3894871025975318,
13,328330014.0,-0.4851288618408186,
15,39806964444.0,0.3102720272322004,
11,7292102.0,-0.00012369547216975298,
10,394944.0,1.0327337546588884,
10,227330.0,-0.5073241543131131,
10,327316.0,-0.30195896320375415,
10,326448.0,-0.35568298779591245,
11,3971868.0,0.2080159763617522,
10,430638.0,-0.02418272423706222,
11,3696000.0,-0.5475000000000001,
12,27003054.0,-0.6630781096093797,
14,1195338585.0,-0.436812290301831,
15,48386751674.0,-0.2349052405345532,
12,37480060.0,-0.056607700201120076,
14,981534918.0,-0.37100572921237635,
12,19448826.0,-0.015584385401977477,
12,97045032.0,0.6153754269461212,
12,7198522.0,0.44089578388452516,
13,394948704.0,-0.029744176600716227,
13,299100439.0,-0.5587049205233697,
11,2422962.0,-0.4037050519157957,
10,337920.0,-0.005681818181818182,
15,50540864436.0,-0.612916315968965,
12,49444250.0,-0.0635212790162658,
11,1309708.0,-0.08327657767991033,
10,66132.0,0.12905502127059,
13,211848867.0,0.1419461591928174,
11,6732750.0,-0.242132362952236,
10,195210.0,-0.4243464303399759,
14,3219210464.0,-0.33317910586910915,
14,5229417946.0,-0.49560311085527453,
15,43620313896.0,0.02010391090010985,
12,27971004.0,-0.2458857274721591,
14,4859905620.0,0.11351495751886638,
14,2209205104.0,-0.5181760181195019,
12,30233248.0,-0.38386242854224595,
10,657672.0,-0.637995839871547,
11,2989216.0,-0.08727907250596811,
13,716278320.0,0.2923119605239483,
10,155069.0,-0.34532369461336565,
13,369575910.0,-0.27524003390805424,
14,9411647828.0,0.6399355651708306,
13,279815094.0,-0.2586304154128297,
11,3255858.0,0.4442300616304519,
12,62916204.0,-0.10921517134123337,
12,55841184.0,0.14670204700530692,
12,23739482.0,-0.12615447969757723,
14,4751524570.0,-0.18511847240642595,
10,302970.0,-0.10010892167541341,
13,581247732.0,-0.44626020493444263,
10,1063680.0,-0.06466606498194935,
10,488846.0,-0.3443497543193562,
10,537232.0,0.061440867260327006,
15,51982707976.0,-0.7135144862619383,
11,2571269.0,-0.21595134542515776,
14,4581396804.0,-0.4323789745237706,
13,240779406.0,-0.06261750641581046,
15,12475433880.0,-0.36582104669853777,
12,21637069.0,-0.009699511518865899,
10,627996.0,0.1774119580379491,
10,167647.0,-0.579115641794962,
10,523226.0,0.21665717427395953,
10,306684.0,0.018290270549925377,
14,2246346800.0,0.45388058513494,
15,45004786008.0,-0.4246372500160961,
10,421814.0,-0.0005168154684292128,
10,466680.0,0.023810748264335303,
14,3143398233.0,0.1835372562544798,
10,303548.0,-0.02919984831247632,
15,30332644678.0,0.9445226694255083,
10,117732.0,-1.0,
14,7908781086.0,-0.21889353962072733,
12,46221564.0,-0.4029453438659064,
15,50864407728.0,0.19177231521424706,
11,4308966.0,-0.45260185390184093,
11,1877055.0,0.08016014448164811,
15,59163511348.0,-0.07163189694864627,
12,26973839.0,-0.30243522251319127,
15,29304857642.0,0.4011532921133035,
12,24806058.0,-0.26892696937175586,
10,193126.0,0.15124840777523482,
10,136236.0,-0.4672773716198362,
11,2177007.0,1.9319152395927068,
14,5205349388.0,0.6401896133393611,
14,2422671722.0,-0.825033311715024,
12,22467776.0,-0.6849760296702264,
13,415763100.0,-0.00013983924980355398,
13,210023930.0,0.6427639142517391,
14,2562717300.0,0.09140800508897333,
10,1226016.0,-0.03312191684284708,
14,2570707428.0,-0.03676880028060528,
11,4119322.0,-0.11441737256762156,
13,227863842.0,-0.10818321056835335,
11,1938087.0,-0.0907872900786532,
14,3101684778.0,-0.16138356210484003,
13,688470764.0,0.5557680238692024,
15,75079396884.0,-0.12545281921420504,
15,30011321718.0,-0.3789838056741863,
15,26990209994.0,-0.2673574127657452,
12,41693886.0,1.3899907051120157,
15,7749079036.0,-0.6260634345658002,
14,855912833.0,-0.5765968846035516,
12,7661569.0,1.63131481293192,
12,8822271.0,0.3162325210821567,
15,42444393265.0,-0.04701137444802157,
15,48504280578.0,-0.5022773175415388,
14,3946786908.0,-0.17591699886119136,
11,1758806.0,-0.26460008791317646,
13,453266834.0,0.9080681292468001,
14,6322149678.0,0.1785859018695634,
14,7590061890.0,-0.1887072003835795,
10,545352.0,0.08590414998019627,
11,1980774.0,-0.72083640031624,
15,29268537964.0,-0.49488423309069385,
13,506746638.0,-0.1440071083411903,
15,59081488552.0,0.25199044595662956,
15,32704543060.0,-0.24073414209016625,
13,174918814.0,0.4726832071934812,
11,4721932.0,-0.03876633547454728,
14,3487633534.0,0.04874952151437824,
11,2797856.0,-0.2461427607425114,
12,3341540.0,0.21812098613214267,
13,234840396.0,-0.21022105583572598,
15,40184177763.0,0.47015236565063273,
14,2476716074.0,-0.8459151922958772,
13,90024893.0,0.5377826664009475,
12,15796251.0,-0.3459207504362902,
11,4872043.0,-0.2541445139133624,
15,100011990690.0,-0.7198176597958487,
12,46888800.0,-0.4311716230741668,
14,5586002640.0,0.4679892811507869,
13,265420192.0,-0.25918522431028923,
12,25390219.0,0.014472016435410195,
11,2927153.0,-0.2506684823102858,
12,5765006.0,-0.818352313943819,
14,1052050323.0,-0.44779827799168903,
14,3149616916.0,0.32622469485534505,
11,3525662.0,1.4460654481342794,
10,126346.0,-0.8905861681414529,
11,3948730.0,-0.3452432104049207,
10,263416.0,-0.336620065262213,
14,7420187206.0,-0.4297301111336229,
12,70941960.0,-0.5323600306504077,
12,25789638.0,0.22616688144284924,
14,4076765208.0,-0.7207668477531807,
10,115451.0,-0.5343479051718911,
15,25575325054.0,-0.4506144664698032,
13,297910908.0,-0.379229175455368,
11,6418848.0,0.488715732168763,
11,5608920.0,0.3993710019041099,
10,416520.0,0.15547872851243638,
13,740818632.0,0.2554509293173395,
12,11967232.0,0.09920155304083685,
14,4648461510.0,-0.23471454106973988,
12,45474360.0,0.08526387177301671,
14,6636056562.0,0.23510845988476387,
11,4107960.0,0.6003482669419042,
12,21511684.0,-0.6204481248422951,
10,207916.0,-0.030377652513515072,
14,2741392126.0,-0.7286400610315316,
14,4714187326.0,-0.05918036486613727,
14,3655907888.0,-0.5242873580845536,
10,463248.0,-0.3061168100024177,
13,318886752.0,0.05943968471916952,
12,12255074.0,-0.2998739950489079,
13,270729456.0,0.2178298027533431,
11,958415.0,0.4148359531100828,
10,368524.0,1.6744526815078529,
13,98460264.0,0.46279388403833654,
15,30878140439.0,-0.31622364811985426,
10,506804.0,0.023306840514281654,
11,2284958.0,0.23425560654603805,
13,235504896.0,-0.35228862503138786,
11,3714828.0,-0.060844808965583336,
12,43363514.0,-0.29985009978665456,
11,2968971.0,0.15528241939715814,
15,65949632773.0,-0.18591994310573082,
10,435000.0,-0.2848020434227331,
14,1080308358.0,-0.6211748275671491,
11,2263332.0,-0.38921908054143184,
14,5074562242.0,-0.49256935018198955,
10,305560.0,0.08495876423615656,
14,1433671905.0,0.48541656746771483,
15,45163389276.0,-0.4829589104286071,
10,362915.0,-0.35720485513136685,
12,41492446.0,-0.025584560620986286,
11,2047746.0,-0.3491380278608773,
10,219342.0,-0.022336503420837386,
12,84409584.0,0.15894896484740387,
12,20429856.0,0.7679954931318815,
11,4470954.0,-0.147832878620536,
13,442676038.0,-0.8054631545247543,
13,274382424.0,-0.2709130669390106,
13,87162486.0,1.0679369792183306,
15,37915616229.0,-0.26564087599600755,
10,434956.0,0.4667046781743441,
13,101498150.0,-0.09904013028808914,
12,26628576.0,0.4390603538093813,
10,438162.0,0.19773051976209713,
10,464592.0,-0.3879992193867595,
10,1205712.0,-0.2962977707593336,
10,477804.0,-0.3691881096758409,
13,287381766.0,-0.10236346263759347,
14,3880573240.0,0.7505438449088516,
11,933760.0,-0.7192597669636738,
10,756792.0,-0.4580915231662069,
15,176706955500.0,-0.11205787935155727,
15,48695166124.0,0.038521085875821696,
12,23252212.0,-0.026415207292966363,
12,26165692.0,0.008719738809124416,
12,16154280.0,0.5904084861720856,
13,317346204.0,-0.1011860346689386,
14,3111029485.0,-0.3393003795333685,
10,383191.0,-0.33710342883836,
11,4622264.0,0.10768229594847893,
12,27339552.0,0.06102689612470607,
14,3318873024.0,1.917201040831383,
13,83256277.0,-0.5990096938877053,
14,5496177996.0,-0.09033513768319394,
11,3430610.0,-0.11852411087241045,
14,1995913935.0,0.2799525847290605,
13,278560134.0,-0.32730072566665264,
10,386696.0,-0.5635388579716941,
14,7665826598.0,0.27284903659909265,
13,401781743.0,0.38592499460584,
12,35047988.0,0.49810596830836623,
10,752136.0,-0.04698086516268334,
10,354516.0,-0.5747723657042277,
12,69198000.0,-0.16725916934015433,
13,409724858.0,-0.622439935045386,
10,565590.0,-0.32135763833636843,
13,1075942224.0,0.21596060719334684,
10,430692.0,0.019382760766394547,
11,4704474.0,0.0774424515896995,
15,53613981848.0,-0.03704851644168819,
13,672514591.0,0.06969475898454262,
13,101622908.0,0.5792848596696331,
13,252806926.0,-0.024836843275409314,
10,165735.0,-0.8891724741303889,
12,23347989.0,-0.2429634946290235,
11,2540926.0,-0.5277312286937913,
13,370324151.0,-0.4982920787145746,
11,6017202.0,-0.4192649673386402,
12,31924532.0,-0.32340433369547905,
13,218846376.0,0.38398453534364213,
12,47330038.0,-0.32209364942125474,
10,740080.0,0.7918062912117609,
11,1182574.0,-0.013676945375088578,
10,435324.0,-0.31790268091505797,
15,72903080409.0,0.7265015318126594,
12,32167028.0,-0.08079789031178114,
14,2524145393.0,-0.5757949589712877,
11,3535806.0,-0.5509934651392073,
14,4296770516.0,-0.09975376803049492,
10,262492.0,-0.00026582820725130717,
14,2226997966.0,0.2416471151819633,
10,266472.0,-0.22339557877250388,
14,1851528252.0,1.2080897094515413,
11,3510082.0,-0.7141035451593438,
13,422652748.0,-0.4140210819119056,
13,711331380.0,-0.4159441131361307,
15,47839682624.0,-0.4659924439552235,
14,4208580696.0,0.1360470299510208,
12,40830780.0,0.2118091084988119,
11,2131430.0,-0.35547496281838953,
14,4977803024.0,-0.03059691660470975,
13,406749098.0,-0.29341955172571765,
15,30750091088.0,-0.528717634086769,
13,203271002.0,0.35005975913868914,
10,240772.0,-0.0048012227335404445,
10,489378.0,-0.18045627987636015,
11,3323520.0,-0.57105719237435,
10,241104.0,-0.5398942641626296,
10,293886.0,0.1820910148833221,
14,2832294518.0,-0.7358484877736857,
13,708622476.0,0.44650224162520075,
14,2791007918.0,0.3296032982925178,
11,3922176.0,-0.481850126052477,
10,906129.0,-0.19952530673520713,
14,2990951217.0,0.06828623009266553,
10,464198.0,0.7480471695267967,
15,46850105410.0,0.01810998251924744,
13,667490988.0,0.1590053107952972,
11,3053096.0,-0.13168796526542254,
12,21263418.0,-0.326464635177656,
10,486788.0,-0.12303873098305154,
14,4732785052.0,1.3812286161691503,
10,326752.0,0.09257173636274606,
14,2618304420.0,0.168669754604012,
13,218867527.0,-0.3728448533162254,
12,82078536.0,0.484115165017076,
12,20531736.0,-0.049526060533799966,
11,1540382.0,-0.5052863510479868,
15,45839669564.0,-0.16798702166141993,
10,1362720.0,-0.15071817150013686,
12,53954060.0,0.018573208392472874,
12,63382656.0,0.8858892880727497,
13,129156644.0,-1.0,
11,2053326.0,0.6696579111159163,
11,4720885.0,0.17293261750709876,
10,411644.0,-0.22865388539611897,
14,4003037034.0,-0.2219470313299131,
10,159500.0,0.07593730407523511,
12,43436216.0,0.09447379117923163,
12,36372549.0,0.9961823406987506,
10,196658.0,-0.5064189269357633,
11,2956587.0,-0.26459348791923476,
11,1732144.0,0.47855297634992644,
15,26648828884.0,-0.7431615297528569,
12,29694156.0,-0.04407857222815156,
11,7837968.0,-0.4601775471511097,
12,39775656.0,-0.47034940165411726,
15,62935936078.0,-0.21716051162028446,
12,44579975.0,0.032047415908151584,
10,353400.0,0.33931962522794445,
14,2381470336.0,1.1051778772467842,
15,46278360358.0,-0.5834691494927229,
11,1683458.0,-0.3413557094979501,
10,537484.0,-0.37375376135227584,
14,6196026208.0,0.19177998157363477,
12,29535540.0,-0.36152129491001916,
10,284808.0,0.2682228027302604,
12,21029160.0,-0.44167127930930206,
12,23704874.0,0.349039020414114,
15,38560565265.0,-0.3547430690134621,
13,858918336.0,-0.25980651087183215,
14,8951376240.0,-0.3832138598611737,
13,222776515.0,0.29024731354649297,
11,1645298.0,-0.2546031174899623,
14,3513676201.0,0.19284298274472675,
14,3524829352.0,-0.3226274715081109,
12,21477354.0,-0.443017980706562,
13,501914536.0,-0.37569674212424087,
11,3613649.0,-0.4239839010374279,
13,304361857.0,-0.42436939461832773,
14,1642246626.0,0.8556433313689149,
13,362752934.0,2.270986637974374,
15,38957814742.0,0.528161278918379,
12,17847552.0,-0.18106415938723697,
13,280076880.0,-0.3631852215138346,
14,6491078562.0,-0.2712225831990067,
10,439258.0,-0.08208843094491165,
14,2768233512.0,-0.3584369104897808,
10,525876.0,-0.22597722657052233,
12,19318836.0,0.7830639485732991,
13,312986462.0,-0.14891490738024318,
10,203767.0,-0.5511212970369752,
11,3141240.0,1.241968139970203,
13,291511008.0,-0.7657203013372617,
13,621914160.0,-0.18566832438740422,
15,44420861648.0,0.3335295400031273,
12,41523196.0,-0.1676941245081424,
15,64146103804.0,0.0454294185178287,
11,5787294.0,-0.7279557596348137,
14,5054542949.0,-0.561441463181442,
12,32003490.0,0.05876452849361116,
13,128029634.0,-0.6535802015961398,
10,261783.0,0.4617704994849424,
12,64452470.0,0.549048469360445,
12,28153082.0,-0.10887198779870708,
13,243944559.0,-0.5227440182422761,
12,23528854.0,-0.31062685840967874,
12,27856002.0,0.28331409510955635,
13,179775240.0,0.061165041415046924,
11,2622924.0,0.469962530366873,
14,5438738046.0,0.34510262088838983,
14,2429335004.0,-0.838897147015299,
13,418565952.0,-0.3419772471125409,
12,47036010.0,0.10009331148624213,
13,265780946.0,-0.1362402630623492,
11,5788288.0,0.05880011499082285,
14,1104089456.0,0.334278841260848,
13,694277504.0,1.6282977476395375,
11,4484908.0,-0.4914143166370414,
13,546140036.0,0.018372657814084883,
13,134191751.0,-0.060143719266320735,
11,2700330.0,0.1414308621538849,
15,25949024368.0,0.6877101573809736,
12,58310568.0,-0.15520822914981725,
10,428982.0,0.11713778200483936,
14,2847932861.0,-0.3038937022890723,
15,60985572300.0,0.8724559664417544,
15,56563248620.0,0.18177087827951563,
13,231705416.0,0.10255307972602591,
11,4733056.0,0.40879803661735675,
12,12682331.0,0.09365384013396276,
15,12884851550.0,1.0561298589427677,
15,59991779810.0,1.0734292738430424,
13,280921852.0,0.43992595729671735,
15,28568113654.0,-0.22700494588280176,
14,5718920706.0,-0.3392687826506123,
14,886736019.0,0.13877408649619768,
14,7432167808.0,-0.08338086867911582,
13,206201518.0,-0.6602546834791003,
10,497220.0,-0.24933027633643057,
14,3370195789.0,-0.05642324686911535,
11,2451687.0,-0.028913560336209312,
13,470404636.0,-0.11372302036581093,
10,274282.0,0.3689560379463472,
10,832662.0,0.4163730301130591,
10,396329.0,-0.4461167363478322,
12,22297279.0,-0.13437712885654488,
14,4103710972.0,-0.2375603395686708,
12,25938434.0,-0.3989459810873703,
12,20704315.0,0.4995135072085215,
14,6477667776.0,0.8536975663507693,
11,4946032.0,0.2961663005819615,
11,1778386.0,1.2924157072761484,
15,54827025628.0,-0.5781471977537275,
10,344992.0,-0.41378350802337444,
12,38138572.0,-0.22295989477529468,
13,208264368.0,-0.27264446888005345,
13,232809131.0,-0.6127748672079932,
15,68172124205.0,0.018032012488028645,
11,1730214.0,0.06852100376022836,
10,582786.0,-0.02276307255150261,
14,3366719002.0,-0.2079997652266199,
13,128800244.0,0.29423667861995667,
12,55272377.0,-0.25254005269214314,
14,5866325836.0,-0.3973642619192556,
10,207660.0,-0.02109216989309448,
13,153552380.0,0.6665166635645761,
14,3606470436.0,0.0625382539528462,
14,1942586642.0,-0.943639023540655,
11,2418584.0,-0.4117726184687679,
15,82910612042.0,-0.3991581394337719,
10,283846.0,0.3359356834339748,
11,3348504.0,-0.26414900504822453,
15,13529701551.0,-0.43390850632371053,
11,3225430.0,-0.30899135929162935,
12,31985040.0,0.06362224339878893,
12,27886716.0,-0.8674637773770135,
12,19706241.0,-0.16751246470597816,
12,28027679.0,-0.31574041503757766,
10,59882.0,0.9456783526119885,
15,24533138791.0,-0.35169503303963384,
13,425177500.0,-0.26405738779686116,
11,2894238.0,0.14722838964867438,
13,463331607.0,-0.3285091297473259,
12,20719752.0,-0.3432353823539973,
14,1652746658.0,-0.8590467577880893,
13,246222798.0,-0.28977494602266685,
14,2152849204.0,0.40605481999193477,
12,17835624.0,-0.3995059176697902,
10,288118.0,0.7392873753115043,
13,334027832.0,1.028854745253683,
15,23655358312.0,-0.15010396313459148,
11,5053192.0,0.49874376433747203,
14,2687781974.0,-0.5984124268853364,
14,2687564966.0,0.40822791183831797,
14,10455201906.0,-0.25956092769883615,
15,27936576408.0,-0.3434626186067774,
12,38563656.0,-0.0903767007982855,
14,5752079712.0,-0.27727705314526074,
13,378897991.0,0.06520279755191417,
13,137259252.0,-0.15022121787462459,
11,1593104.0,-0.3820365776496703,
11,3046776.0,0.15700005514025317,
14,4962654724.0,-0.7939580210859739,
12,49828568.0,-0.1299757199524578,
14,4195695288.0,-0.3772817565010932,
11,5381433.0,-0.038908781359909154,
13,442544520.0,-0.7970536388067804,
13,238635228.0,-0.04215650842632493,
13,605889346.0,-0.01720228190533902,
15,47878061734.0,-0.30105254749200117,
11,3541944.0,-0.3306455438030641,
10,470272.0,-0.13071584104518225,
10,229554.0,-0.49989980571020326,
10,297126.0,-0.17449162981361463,
15,59674590198.0,-0.5168999082466058,
13,268334373.0,0.0784932126455525,
10,630120.0,0.2669586745381832,
12,13484890.0,0.7760678804202333,
10,250518.0,-0.03968577108231744,
15,40530571060.0,-0.5836230604543572,
13,660431658.0,0.6177567577745913,
12,78267120.0,-0.23462112825922302,
14,2208230532.0,0.3394592806943401,
11,807245.0,-0.25506630576838507,
11,2318327.0,0.7855634688290306,
13,728907840.0,0.3017823487808829,
11,3672138.0,0.13368288446676024,
12,22028747.0,0.6855357229351262,
10,697566.0,-0.004538638637777644,
10,330928.0,-0.11158922786829764,
15,44684604018.0,-0.6978090441495115,
11,1945272.0,-0.06773757088982929,
11,8059296.0,0.23822229633953115,
15,35920242648.0,-0.667990639237399,
12,30546384.0,-0.9010030123369103,
13,709102668.0,0.2742459460045354,
15,28229147936.0,1.2398200379036761,
15,90293013222.0,-0.35026414662052924,
11,2759758.0,0.2856779471243493,
13,380005824.0,0.824876452419845,
12,34076468.0,0.18322121881880482,
11,3167064.0,0.2418652312257242,
15,49135062846.0,0.22539600587692338,
15,39069170684.0,-0.712648110941407,
10,364225.0,-0.010867824375958032,
10,302303.0,0.06700892812840098,
13,152010680.0,-0.5119500814021751,
13,282000116.0,-0.6068086723765744,
14,1714011594.0,-0.29270635727099986,
12,12383394.0,-0.6239350859707766,
15,11644578656.0,0.5357126202918234,
12,92823036.0,-0.2950715380608753,
12,15657668.0,-0.14828696074025838,
14,2109864001.0,1.2899523370748294,
15,105231617910.0,0.36920522692360835,
12,33538561.0,-0.24622168494348937,
11,1017018.0,-0.6475971910035024,
15,14830631542.0,-0.826759006403478,
10,826944.0,-0.13628976085442304,
12,33637506.0,-0.49456419271987645,
13,418400394.0,-0.17882448265572126,
13,259946502.0,-0.39432435986386155,
14,4388243352.0,0.4774196141709326,
12,42888458.0,-0.3840021014511645,
15,42318635662.0,0.5506931679965841,
12,23190567.0,-0.7609372810936447,
15,35953500792.0,-0.2357642389551705,
13,385676052.0,1.2612414282509479,
10,618690.0,0.24707940253690136,
12,15433288.0,-0.8293144014418703,
15,47313817642.0,-0.8378717410198874,
15,11513470152.0,-0.017917729170832526,
13,301380432.0,1.3178147146593777,
11,2567384.0,-0.47069338543305833,
12,19759598.0,0.5961458325214916,
11,2219912.0,-0.2977018908857648,
13,121831767.0,0.8709603054513684,
11,1603615.0,-0.4264809797216267,
12,13446990.0,1.7915481457188567,
11,2063250.0,-0.5010762416360381,
15,57681921408.0,1.029912963054672,
13,562372876.0,0.4808850773948066,
10,421428.0,-0.32629061191947367,
13,217259098.0,-0.8635951254846874,
14,4364271742.0,0.07062150943395565,
13,930683010.0,-0.17259905711612822,
10,866128.0,0.25140856778674747,
13,487214400.0,0.5137286582662581,
14,3609843068.0,0.24583395878526845,
13,264017985.0,0.27028383228429603,
11,2486256.0,0.24171355555412555,
11,10545816.0,1.102824475602457,
13,461938068.0,0.2925732719651065,
